ticket_id,game_date,section,price,purchase_timestamp,customer_id
T000365,2026-03-15,100,126.48,2026-02-14 13:18:00,C00429
T001898,2026-01-06,LOGE,328.13,2026-01-05 09:51:00,C00034
T001825,2025-11-11,200,72.13,2025-10-28 23:25:00,C00372
T000071,2025-10-30,LOGE,228.94,2025-09-07 08:18:00,C00359
T001240,2025-12-09,200,102.35,2025-10-31 18:18:00,C00557
T001725,2025-12-29,100,242.93,2025-12-18 13:09:00,C00399
T001474,2025-10-26,COURTSIDE,1786.52,2025-09-18 00:58:00,C00104
T001510,2025-11-15,LOGE,307.37,2025-11-09 21:56:00,C00035
T000165,2025-12-29,LOGE,363.64,2025-11-28 15:41:00,C00468
T001375,2025-12-09,LOGE,278.0,2025-11-14 07:45:00,C00275
T001358,2025-12-05,100,172.59,2025-11-24 08:04:00,C00447
T000688,2025-12-17,COURTSIDE,1399.35,2025-12-10 10:55:00,C00516
T001215,2026-03-15,200,104.97,2026-01-27 08:55:00,C00347
T000027,2025-11-27,COURTSIDE,2120.02,2025-10-23 05:54:00,C00001
T000760,2026-02-03,LOGE,200.23,2026-01-19 16:44:00,C00340
T001336,2026-03-19,COURTSIDE,2179.25,2026-03-06 21:08:00,C00425
T000463,2025-12-05,LOGE,278.75,2025-10-30 06:31:00,C00418
T001181,2026-02-27,100,165.24,2026-02-01 07:39:00,C00101
T000115,2025-11-15,COURTSIDE,2260.47,2025-10-07 19:53:00,C00580
T000955,2025-11-15,COURTSIDE,959.79,2025-09-24 04:20:00,C00391
T001356,2026-03-03,COURTSIDE,1597.24,2026-02-20 13:14:00,C00504
T001694,2026-01-18,LOGE,219.52,2026-01-14 20:00:00,C00528
T000351,2026-01-02,100,234.78,2025-12-05 19:26:00,C00271
T000655,2025-12-21,100,170.31,2025-10-23 11:42:00,C00204
T001402,2026-02-19,100,176.64,2025-12-20 01:57:00,C00356
T001641,2026-03-19,100,180.56,2026-03-06 09:34:00,C00170
T001779,2026-03-11,COURTSIDE,2331.86,2026-02-10 02:31:00,C00121
T000701,2025-12-09,200,103.35,2025-10-16 06:09:00,C00207
T001908,2026-03-31,COURTSIDE,1198.49,2026-02-17 16:26:00,C00305
T000075,2025-10-26,100,239.71,2025-10-09 17:55:00,C00595
T001506,2025-11-07,200,59.77,2025-10-16 13:24:00,C00065
T001545,2026-02-23,LOGE,219.38,2026-01-08 11:15:00,C00539
T001733,2026-03-31,100,107.65,2026-03-15 20:49:00,C00170
T001740,2026-01-18,100,164.75,2025-12-24 18:11:00,C00383
T000543,2026-01-26,100,134.78,2025-12-16 03:44:00,C00073
T000118,2026-02-07,COURTSIDE,1916.94,2025-12-15 08:19:00,C00157
T001758,2025-11-03,COURTSIDE,1587.46,2025-09-25 23:44:00,C00445
T001690,2026-01-06,LOGE,324.02,2025-11-30 19:19:00,C00453
T000323,2026-01-10,COURTSIDE,2035.26,2025-12-05 05:30:00,C00298
T001872,2025-10-30,LOGE,193.73,2025-09-08 11:40:00,C00441
T000516,2026-01-10,COURTSIDE,1362.93,2025-12-23 06:27:00,C00098
T001216,2025-11-19,LOGE,378.04,2025-11-10 00:52:00,C00565
T001959,2026-02-27,100,245.83,2026-02-12 11:36:00,C00395
T000681,2025-12-09,COURTSIDE,1554.71,2025-11-02 08:23:00,C00147
T000766,2025-10-30,COURTSIDE,2337.25,2025-10-17 13:04:00,C00527
T000748,2025-10-30,COURTSIDE,2202.44,2025-10-23 02:59:00,C00576
T001213,2025-11-27,LOGE,384.12,2025-11-17 23:52:00,C00560
T001576,2026-01-26,200,54.74,2026-01-12 13:26:00,C00443
T000563,2025-12-05,200,105.33,2025-12-02 10:19:00,C00071
T000779,2025-10-22,200,54.24,2025-10-21 04:28:00,C00404
T000233,2026-01-18,COURTSIDE,1083.82,2025-12-31 04:25:00,C00232
T001584,2025-11-15,LOGE,333.7,2025-11-12 15:50:00,C00162
T001909,2025-12-09,200,99.47,2025-10-18 11:06:00,C00267
T000941,2026-03-07,LOGE,221.68,2026-02-01 01:35:00,C00255
T000730,2026-03-11,COURTSIDE,2023.35,2026-03-08 18:24:00,C00505
T001888,2026-02-03,COURTSIDE,1463.54,2025-12-30 09:28:00,C00536
T000398,2026-02-11,COURTSIDE,1024.96,2026-01-05 20:11:00,C00064
T000245,2025-10-22,200,67.61,2025-10-08 19:19:00,C00262
T000414,2026-02-11,100,135.38,2026-02-08 10:17:00,C00450
T000830,2025-12-25,COURTSIDE,2267.96,2025-11-27 04:44:00,C00375
T001496,2025-10-22,200,118.82,2025-09-11 10:29:00,C00114
T001651,2026-03-31,200,50.99,2026-03-25 11:07:00,C00128
T000639,2025-11-11,LOGE,224.42,2025-09-19 02:36:00,C00152
T000610,2025-12-17,200,73.38,2025-10-31 00:30:00,C00302
T001315,2026-01-22,100,160.49,2025-11-29 19:13:00,C00242
T000828,2026-03-03,100,180.76,2026-02-06 01:40:00,C00211
T001378,2025-12-17,200,114.8,2025-11-13 02:31:00,C00538
T001965,2026-01-18,LOGE,226.65,2025-12-23 06:52:00,C00442
T001292,2026-02-27,LOGE,238.66,2026-01-13 07:59:00,C00023
T001945,2026-01-22,100,99.83,2026-01-18 23:39:00,C00143
T001057,2025-12-21,200,50.34,2025-11-11 12:27:00,C00554
T001531,2025-11-07,COURTSIDE,948.03,2025-10-30 19:09:00,C00298
T001987,2026-02-23,100,135.32,2026-01-06 00:15:00,C00442
T001376,2026-03-15,LOGE,199.85,2026-02-15 11:26:00,C00191
T000083,2026-01-02,200,77.24,2025-11-25 03:18:00,C00330
T001921,2025-11-23,200,51.26,2025-10-09 19:41:00,C00275
T000634,2026-01-18,LOGE,393.56,2025-12-11 16:15:00,C00567
T001367,2026-02-15,LOGE,279.89,2026-01-28 03:44:00,C00006
T000149,2026-01-02,LOGE,207.36,2025-11-18 13:38:00,C00413
T001832,2025-11-27,COURTSIDE,1126.04,2025-11-11 21:23:00,C00013
T000667,2026-03-23,COURTSIDE,1377.56,2026-03-16 07:34:00,C00066
T001918,2026-03-27,100,121.13,2026-02-07 15:19:00,C00125
T000431,2025-12-25,COURTSIDE,1720.51,2025-11-23 08:06:00,C00101
T000831,2026-03-27,COURTSIDE,2486.88,2026-03-01 17:03:00,C00424
T001628,2026-01-26,LOGE,367.89,2025-12-08 13:46:00,C00551
T000850,2025-12-21,COURTSIDE,2437.98,2025-11-21 00:45:00,C00472
T001365,2025-10-26,COURTSIDE,1990.1,2025-09-12 19:51:00,C00404
T001640,2025-10-22,100,222.21,2025-09-10 10:53:00,C00408
T001658,2025-11-15,100,170.39,2025-10-01 10:18:00,C00143
T000744,2026-03-07,COURTSIDE,2303.96,2026-02-07 23:34:00,C00536
T000972,2026-02-11,LOGE,185.0,2026-01-28 05:39:00,C00217
T000443,2026-01-02,100,177.87,2025-11-18 01:00:00,C00441
T000702,2026-01-18,LOGE,244.98,2026-01-15 05:18:00,C00509
T001870,2025-12-13,LOGE,205.15,2025-11-13 22:42:00,C00559
T000947,2026-01-10,200,87.24,2025-12-27 11:12:00,C00564
T001718,2026-01-22,200,76.48,2026-01-12 13:13:00,C00445
T001972,2026-03-27,LOGE,266.22,2026-03-20 16:30:00,C00275
T001454,2026-02-19,COURTSIDE,1805.22,2025-12-23 12:29:00,C00387
T001408,2025-12-01,LOGE,202.2,2025-11-04 07:09:00,C00311
T001980,2025-12-21,LOGE,204.06,2025-10-29 23:25:00,C00581
T000817,2025-12-17,LOGE,312.18,2025-10-27 04:07:00,C00187
T000405,2025-11-03,100,257.71,2025-10-03 22:56:00,C00294
T001701,2026-01-26,LOGE,399.99,2025-12-12 09:12:00,C00306
T001117,2026-03-03,COURTSIDE,1984.35,2026-02-19 13:19:00,C00561
T001088,2025-11-27,LOGE,324.74,2025-11-18 21:07:00,C00141
T001008,2026-02-15,200,111.19,2026-02-09 15:28:00,C00332
T000734,2026-02-11,LOGE,324.86,2026-01-09 19:25:00,C00511
T001298,2025-12-17,100,213.42,2025-11-09 20:46:00,C00345
T000860,2026-03-27,100,221.1,2026-02-20 22:34:00,C00494
T000604,2026-03-23,200,46.49,2026-02-20 23:59:00,C00340
T000066,2026-02-07,200,,2026-01-14 22:39:00,C00367
T000373,2025-11-19,LOGE,377.07,2025-10-24 12:14:00,C00150
T000455,2026-01-14,LOGE,346.23,2026-01-05 00:29:00,C00081
T001610,2026-01-14,200,92.65,2025-11-18 00:32:00,C00326
T000415,2025-12-17,200,101.58,2025-10-28 22:05:00,C00144
T000849,2025-12-25,COURTSIDE,2010.71,2025-11-30 04:47:00,C00496
T000465,2026-01-26,100,143.15,2026-01-01 21:07:00,C00573
T000307,2026-01-30,LOGE,376.82,2026-01-05 12:26:00,C00192
T000682,2026-01-10,200,103.42,2025-12-09 12:39:00,C00182
T000209,2025-12-13,LOGE,277.83,2025-11-27 11:38:00,C00102
T000819,2026-03-23,100,132.92,2026-02-26 19:30:00,C00112
T001416,2025-10-30,100,122.56,2025-10-22 17:00:00,C00371
T001877,2025-11-11,LOGE,255.24,2025-09-23 13:52:00,C00169
T000631,2026-01-22,LOGE,261.27,2025-12-24 22:29:00,C00270
T001682,2026-03-23,COURTSIDE,1394.23,2026-02-06 19:48:00,C00281
T001875,2025-12-29,LOGE,197.98,2025-11-03 08:36:00,C00430
T001928,2026-02-07,200,87.54,2026-01-14 02:25:00,C00066
T001467,2026-01-02,200,58.7,2025-11-13 20:57:00,C00158
T000416,2026-02-27,COURTSIDE,1274.66,2025-12-30 04:21:00,C00327
T000399,2026-03-11,200,87.95,2026-03-01 18:24:00,C00336
T001590,2026-01-14,LOGE,368.27,2025-12-19 22:43:00,C00011
T000680,2026-01-26,COURTSIDE,1560.97,2025-12-01 18:52:00,C00141
T001514,2026-01-26,LOGE,201.08,2025-12-08 09:59:00,C00239
T000391,2026-01-26,200,78.51,2026-01-08 12:45:00,C00310
T000946,2026-01-10,COURTSIDE,2251.77,2025-12-14 02:24:00,C00441
T001664,2026-02-07,LOGE,397.11,2025-12-14 00:08:00,C00103
T001337,2026-01-22,200,74.51,2025-12-28 04:32:00,C00230
T000628,2025-12-09,100,99.25,2025-11-28 02:13:00,C00299
T001300,2025-12-13,COURTSIDE,2173.04,2025-11-01 13:42:00,C00517
T001681,2026-02-15,200,90.11,2026-02-05 01:18:00,C00036
T001201,2026-01-02,LOGE,393.31,2025-11-28 19:30:00,C00486
T001976,2025-12-01,COURTSIDE,1990.31,2025-11-20 17:37:00,C00341
T001624,2025-12-09,200,76.8,2025-10-31 15:31:00,C00311
T001596,2025-11-27,LOGE,258.78,2025-11-13 22:50:00,C00546
T001381,2026-02-07,COURTSIDE,1809.66,2026-01-02 21:24:00,C00047
T000293,2025-11-03,200,76.49,2025-09-13 02:45:00,C00469
T001092,2026-03-15,LOGE,366.3,2026-02-27 06:53:00,C00276
T001236,2025-11-19,COURTSIDE,1720.04,2025-10-13 23:25:00,C00266
T000924,2025-12-25,100,175.07,2025-11-26 04:56:00,C00302
T000004,2026-02-27,100,187.61,2026-01-12 01:50:00,C00559
T000104,2026-03-27,100,244.64,2026-02-17 04:45:00,C00028
T000264,2026-03-15,200,69.11,2026-02-12 06:54:00,C00155
T000202,2025-12-17,LOGE,185.51,2025-10-21 04:51:00,C00336
T000894,2026-03-19,LOGE,318.83,2026-02-06 04:45:00,C00446
T001738,2026-03-23,100,195.22,2026-03-12 00:59:00,C00537
T000274,2025-10-26,COURTSIDE,1394.19,2025-08-26 16:42:00,C00350
T001665,2026-01-26,COURTSIDE,1871.48,2025-12-11 19:07:00,C00533
T001000,2026-03-23,LOGE,338.44,2026-02-25 03:08:00,C00586
T001674,2026-02-07,200,61.77,2026-01-30 14:05:00,C00090
T001699,2025-11-19,LOGE,321.11,2025-09-21 06:37:00,C00231
T001874,2025-12-29,COURTSIDE,1917.1,2025-12-23 19:10:00,C00071
T000794,2025-10-26,100,229.09,2025-09-18 10:11:00,C00218
T001464,2025-11-11,COURTSIDE,1542.88,2025-11-08 07:14:00,C00024
T001462,2026-02-27,100,114.85,2025-12-29 05:51:00,C00185
T001811,2026-01-18,COURTSIDE,1261.42,2025-11-22 00:39:00,C00394
T000780,2026-03-07,100,145.27,2026-01-18 12:16:00,C00217
T000211,2026-02-15,100,204.36,2026-01-04 02:11:00,C00022
T001419,2025-12-09,LOGE,393.32,2025-10-20 23:47:00,C00252
T001457,2026-03-27,LOGE,265.19,2026-01-28 10:31:00,C00348
T000361,2026-01-22,COURTSIDE,1978.09,2025-12-26 04:05:00,C00316
T000168,2026-02-27,COURTSIDE,2212.88,2026-02-08 13:49:00,C00594
T000454,2026-01-06,200,87.3,2025-11-30 10:44:00,C00554
T001442,2025-11-27,LOGE,362.26,2025-11-21 20:52:00,C00064
T001880,2025-10-22,200,50.84,2025-09-09 04:16:00,C00149
T001235,2026-03-19,LOGE,304.43,2026-01-22 15:12:00,C00488
T000078,2025-10-30,LOGE,180.37,2025-08-31 05:38:00,C00202
T000229,2026-01-22,200,86.73,2025-12-15 04:50:00,C00576
T000565,2026-03-11,LOGE,181.75,2026-02-26 14:03:00,C00578
T000049,2026-03-03,200,49.27,2026-01-29 21:16:00,C00191
T001582,2026-03-27,200,76.13,2026-03-15 02:55:00,C00443
T001483,2026-03-11,COURTSIDE,2305.25,2026-02-25 03:10:00,C00517
T000778,2026-01-30,COURTSIDE,2436.21,2026-01-20 13:50:00,C00383
T001257,2026-02-27,100,111.35,2026-01-20 23:32:00,C00542
T000511,2026-03-07,200,119.23,2026-02-28 01:42:00,C00254
T001703,2026-01-30,100,159.98,2025-12-08 05:42:00,C00543
T001144,2025-12-13,LOGE,386.82,2025-10-18 05:42:00,C00153
T000306,2025-11-03,COURTSIDE,1337.15,2025-09-12 11:27:00,C00448
T000770,2025-11-27,100,170.77,2025-11-05 22:43:00,C00090
T001796,2025-12-13,LOGE,228.54,2025-11-25 17:03:00,C00596
T001052,2025-10-26,COURTSIDE,1922.16,2025-10-12 13:03:00,C00206
T000891,2025-11-23,200,47.14,2025-10-11 11:50:00,C00334
T000095,2026-03-03,LOGE,317.88,2026-02-13 09:00:00,C00080
T001443,2026-02-07,200,80.72,2026-01-09 21:21:00,C00379
T000938,2026-03-31,100,154.55,2026-02-11 09:49:00,C00378
T000813,2026-03-31,100,241.98,2026-03-21 22:06:00,C00171
T001084,2026-03-31,COURTSIDE,2038.84,2026-03-05 10:59:00,C00446
T001024,2025-11-07,LOGE,365.53,2025-11-02 14:01:00,C00483
T001777,2026-03-07,COURTSIDE,1382.36,2026-02-04 17:07:00,C00547
T000510,2025-12-29,COURTSIDE,,2025-11-10 22:35:00,C00452
T001073,2026-03-15,LOGE,205.15,2026-02-04 08:12:00,C00334
T000126,2026-02-03,LOGE,302.14,2026-01-18 00:26:00,C00488
T001917,2025-12-05,100,114.34,2025-11-13 12:10:00,C00496
T000962,2025-11-23,COURTSIDE,1032.07,2025-10-17 22:20:00,C00562
T000558,2026-02-23,200,72.58,2026-02-06 20:30:00,C00588
T000360,2026-02-27,LOGE,335.92,2026-02-07 07:48:00,C00018
T001056,2025-12-29,200,115.75,2025-11-07 14:20:00,C00588
T001932,2026-01-22,200,103.46,2026-01-14 23:41:00,C00327
T000638,2025-12-01,200,105.63,2025-11-22 22:33:00,C00434
T001595,2025-12-01,100,205.78,2025-11-30 00:53:00,C00280
T000438,2025-12-05,100,181.45,2025-10-12 21:28:00,C00050
T001489,2026-03-07,100,242.27,2026-01-13 01:05:00,C00456
T001585,2025-12-29,COURTSIDE,1966.65,2025-12-24 00:11:00,C00223
T000627,2025-11-11,COURTSIDE,2218.24,2025-10-01 03:31:00,C00492
T000457,2026-01-14,LOGE,393.16,2025-12-24 23:00:00,C00280
T000526,2026-01-14,100,102.58,2025-12-04 08:19:00,C00017
T001821,2026-01-10,LOGE,273.24,2025-11-26 09:53:00,C00342
T001927,2026-02-07,COURTSIDE,2205.43,2025-12-29 20:20:00,C00393
T000033,2026-02-11,LOGE,206.62,2026-01-27 21:49:00,C00347
T001470,2026-01-10,200,75.96,2025-12-20 15:12:00,C00385
T000845,2025-11-11,COURTSIDE,2061.82,2025-10-06 04:07:00,C00357
T001843,2025-10-26,200,66.17,2025-09-21 20:22:00,C00067
T001068,2026-03-23,200,83.1,2026-02-25 20:21:00,C00334
T001941,2025-10-30,100,150.67,2025-10-28 21:38:00,C00482
T001629,2025-11-27,200,64.3,2025-10-28 13:34:00,C00465
T000747,2025-11-27,100,208.95,2025-11-08 17:03:00,C00555
T001324,2025-11-03,200,63.97,2025-10-09 13:27:00,C00372
T001033,2025-10-22,200,96.75,2025-10-05 21:42:00,C00316
T000789,2025-12-21,200,98.41,2025-11-09 09:07:00,C00284
T001994,2026-02-15,200,84.24,2026-01-27 02:43:00,C00572
T000363,2026-03-15,200,99.11,2026-02-05 07:37:00,C00175
T000101,2026-01-26,LOGE,298.41,2025-12-09 05:22:00,C00226
T000442,2026-03-11,LOGE,182.61,2026-02-05 14:38:00,C00549
T000974,2026-01-26,100,137.15,2026-01-22 14:19:00,C00206
T000574,2025-11-03,LOGE,325.74,2025-10-25 15:56:00,C00299
T000550,2025-12-13,200,85.23,2025-11-17 03:59:00,C00068
T001277,2026-03-27,100,220.43,2026-02-12 06:16:00,C00505
T000041,2025-12-09,LOGE,210.84,2025-11-27 14:30:00,C00474
T001424,2025-10-26,LOGE,212.03,2025-10-25 06:21:00,C00072
T001573,2025-12-17,Loge ,1955.31,2025-12-12 08:29:00,C00059
T000625,2026-01-02,COURTSIDE,1280.08,2025-12-29 10:36:00,C00586
T000808,2025-12-17,100,179.9,2025-11-29 16:47:00,C00154
T000217,2025-10-26,200,64.9,2025-10-17 09:38:00,C00539
T000523,2026-03-31,COURTSIDE,2260.17,2026-02-08 05:46:00,C00408
T000344,2026-02-15,100,139.13,2026-01-30 19:12:00,C00100
T000932,2026-01-10,LOGE,321.0,2026-01-02 20:43:00,C00536
T000635,2025-11-03,LOGE,360.05,2025-10-07 05:44:00,C00487
T000186,2025-12-01,100,167.89,2025-11-08 03:57:00,C00307
T000890,2025-12-17,200,100.32,2025-11-18 02:37:00,C00130
T001294,2026-02-23,100,208.99,2026-02-09 12:32:00,C00509
T001786,2026-02-27,LOGE,290.84,2026-01-11 06:05:00,C00266
T001361,2026-01-18,100,128.62,2025-12-30 17:51:00,C00173
T000649,2026-01-14,COURTSIDE,1397.52,2025-11-21 07:14:00,C00101
T000368,2026-03-03,LOGE,249.03,2026-02-19 08:19:00,C00546
T000745,2025-11-15,100,157.84,2025-11-11 01:08:00,C00058
T000505,2025-11-23,200,106.14,2025-10-18 06:45:00,C00507
T000729,2025-11-15,200,45.16,2025-10-23 02:23:00,C00299
T001770,2025-10-22,100,203.97,2025-10-01 16:46:00,C00293
T000873,2026-02-19,100,124.14,2026-01-18 19:25:00,C00530
T000450,2026-01-14,100,242.64,2025-11-16 22:33:00,C00236
T001693,2026-01-26,LOGE,329.48,2026-01-15 22:05:00,C00099
T001364,2025-11-07,200,102.62,2025-09-24 20:47:00,C00337
T000085,2025-12-01,100,141.82,2025-10-19 02:24:00,C00344
T001788,2025-12-01,200,48.42,2025-11-15 14:03:00,C00041
T000870,2026-01-22,LOGE,241.52,2026-01-10 04:30:00,C00135
T000918,2025-12-01,COURTSIDE,1835.51,2025-11-05 15:43:00,C00010
T001086,2026-03-11,LOGE,365.53,2026-02-15 09:46:00,C00158
T000892,2026-02-19,LOGE,394.5,2026-01-15 14:43:00,C00562
T001161,2026-03-03,100,197.12,2026-01-06 05:35:00,C00520
T000388,2025-12-09,200,90.82,2025-10-29 10:10:00,C00438
T001313,2025-12-05,100,254.02,2025-11-03 23:20:00,C00057
T001400,2026-03-19,LOGE,231.02,2026-03-15 05:59:00,
T001020,2025-10-30,COURTSIDE,1429.78,2025-10-24 22:20:00,C00112
T001330,2025-12-25,100,153.06,2025-11-16 05:19:00,C00335
T000269,2025-11-07,COURTSIDE,1051.21,2025-09-24 10:49:00,C00291
T000433,2025-10-30,200,100.59,2025-10-28 15:06:00,C00567
T000743,2025-11-19,COURTSIDE,1799.65,2025-10-12 04:32:00,C00428
T001468,2026-01-06,LOGE,329.29,2026-01-02 03:02:00,C00334
T000305,2025-12-25,100,219.29,2025-12-12 14:15:00,C00366
T000856,2025-12-29,200,116.03,2025-11-15 17:31:00,C00511
T000322,2025-11-23,100,169.59,2025-09-26 08:49:00,C00090
T001556,2025-12-09,COURTSIDE,1300.04,2025-10-22 00:41:00,C00282
T000545,2026-01-26,LOGE,260.39,2025-12-13 18:07:00,C00483
T000313,2025-12-29,100,107.38,2025-11-18 10:09:00,C00373
T000923,2026-02-11,200,46.6,2026-01-17 11:47:00,C00138
T000521,2026-02-27,COURTSIDE,2011.53,2026-01-01 11:25:00,C00466
T001334,2025-12-21,200,108.52,2025-11-07 10:00:00,C00328
T001781,2025-12-01,COURTSIDE,2014.73,2025-11-22 14:07:00,C00047
T000843,2025-12-01,100,259.47,2025-10-12 10:22:00,C00362
T001045,2026-03-03,COURTSIDE,1180.02,2026-02-07 22:44:00,C00207
T001239,2025-11-03,COURTSIDE,1366.66,2025-09-23 21:23:00,C00527
T001554,2026-01-02,100,224.67,2025-11-03 16:14:00,C00101
T001537,2025-12-13,COURTSIDE,1629.93,2025-11-19 11:18:00,C00176
T000810,2026-02-03,COURTSIDE,2052.41,2026-01-03 00:58:00,C00491
T000697,2026-01-26,100,185.3,2025-12-26 00:03:00,C00157
T001101,2025-12-25,100,198.83,2025-11-17 18:14:00,C00587
T001661,2026-02-03,200,45.23,2025-12-24 13:01:00,C00018
T000396,2026-02-15,COURTSIDE,1565.35,2026-01-10 07:56:00,C00551
T000975,2026-03-27,COURTSIDE,984.94,2026-02-13 23:43:00,C00069
T001434,2026-03-03,COURTSIDE,2111.27,2026-02-20 23:13:00,C00029
T001080,2026-02-07,COURTSIDE,2484.46,2025-12-31 23:44:00,C00523
T000012,2025-12-01,COURTSIDE,1468.43,2025-10-19 14:54:00,C00074
T000998,2025-12-09,200,49.96,2025-10-10 09:01:00,C00502
T000708,2025-10-22,200,94.75,2025-10-11 12:47:00,C00367
T001223,2026-01-26,COURTSIDE,,2026-01-03 12:01:00,C00316
T001160,2026-01-18,LOGE,181.01,2026-01-02 17:27:00,C00121
T001635,2025-12-01,200,102.22,2025-11-14 12:07:00,C00522
T000914,2025-11-15,200,80.46,2025-10-02 13:21:00,C00331
T000790,2026-01-22,200,95.97,2025-12-31 07:38:00,C00474
T000052,2026-02-03,COURTSIDE,2395.53,2026-01-20 01:09:00,C00322
T000595,2026-03-07,LOGE,255.69,2026-01-29 06:52:00,C00330
T001138,2026-01-26,200,67.42,2026-01-01 20:22:00,C00368
T000328,2026-01-30,LOGE,295.65,2025-12-11 10:02:00,C00589
T001538,2026-03-03,LOGE,373.25,2026-02-26 19:58:00,C00148
T001686,2026-01-30,COURTSIDE,2475.02,2025-12-18 18:34:00,C00023
T000005,2026-02-03,200,78.69,2026-01-16 23:47:00,C00164
T000541,2025-10-26,COURTSIDE,1228.71,2025-09-17 06:37:00,C00194
T000583,2026-02-11,200,52.1,2026-02-04 19:14:00,C00125
T000711,2026-02-19,LOGE,322.75,2025-12-29 18:19:00,C00116
T000775,2025-10-30,100,154.02,2025-09-27 20:23:00,C00297
T001268,2025-11-19,200,74.61,2025-10-05 03:51:00,C00105
T000194,2026-02-11,100,190.63,2025-12-26 19:31:00,C00093
T001089,2026-02-03,LOGE,376.59,2025-12-20 03:23:00,C00436
T000191,2026-01-02,200,90.53,2025-12-10 16:32:00,C00195
T001238,2026-01-18,200,48.97,2025-12-25 09:41:00,C00365
T001867,2025-11-11,COURTSIDE,1645.4,2025-09-30 05:45:00,C00477
T001135,2026-03-15,COURTSIDE,1433.5,2026-02-23 10:20:00,C00057
T001309,2026-03-23,200,75.44,2026-03-15 18:53:00,C00197
T001789,2026-03-31,200,115.65,2026-03-13 19:28:00,C00277
T000618,2026-01-26,COURTSIDE,1773.64,2026-01-19 07:39:00,C00592
T001002,2025-12-21,LOGE,396.44,2025-12-18 04:58:00,C00397
T000468,2025-12-29,LOGE,245.95,2025-11-08 21:23:00,C00370
T001284,2026-02-23,LOGE,284.7,2025-12-30 18:40:00,C00519
T001605,2025-12-05,100,161.35,2025-11-14 23:36:00,C00399
T000134,2025-12-17,COURTSIDE,1187.11,2025-12-16 05:47:00,C00130
T000240,2025-11-03,200,56.81,2025-09-24 22:19:00,C00084
T000940,2025-11-07,200,117.04,2025-10-31 20:33:00,C00237
T000372,2026-02-23,COURTSIDE,1667.69,2026-01-18 14:40:00,C00295
T001859,2025-11-11,100,124.57,2025-09-22 08:17:00,C00265
T000263,2026-01-26,LOGE,307.67,2025-12-06 22:36:00,C00461
T000723,2025-11-11,LOGE,277.72,2025-10-05 08:43:00,C00091
T001646,2025-11-15,100,222.67,2025-10-19 06:05:00,C00427
T001195,2025-12-29,100,105.46,2025-12-06 08:34:00,C00498
T000660,2025-12-17,200,95.83,2025-11-29 01:46:00,C00420
T001678,2026-02-07,COURTSIDE,2134.05,2025-12-17 00:49:00,C00130
T001801,2025-11-07,200,50.4,2025-10-22 08:29:00,C00413
T001845,2025-12-09,100,134.66,2025-12-03 04:33:00,C00579
T001222,2025-11-03,COURTSIDE,1536.09,2025-09-18 09:25:00,C00379
T001992,2026-03-27,100,166.52,2026-02-25 04:40:00,C00356
T000223,2026-03-27,COURTSIDE,1509.45,2026-02-16 05:54:00,C00302
T001999,2026-03-11,200,116.53,2026-01-24 14:46:00,C00147
T000623,2026-03-23,LOGE,214.56,2026-03-16 12:42:00,C00211
T001157,2026-02-19,200,60.46,2026-01-09 14:46:00,C00536
T001103,2026-02-23,100,115.93,2026-02-18 14:31:00,C00259
T001405,2026-03-23,LOGE,208.85,2026-03-04 10:41:00,C00427
T001911,2026-03-31,100,,2026-01-30 03:40:00,C00126
T001343,2026-01-02,LOGE,264.06,2025-12-05 16:57:00,C00221
T001817,2026-01-22,COURTSIDE,2197.15,2025-12-07 21:24:00,C00003
T000352,2026-01-22,LOGE,260.51,2025-12-27 22:16:00,C00584
T001947,2025-12-01,100,126.54,2025-10-04 11:25:00,C00551
T000231,2025-11-03,COURTSIDE,1860.66,2025-10-11 20:28:00,C00592
T000933,2025-11-07,100,232.81,2025-10-29 17:55:00,C00033
T001297,2025-12-13,COURTSIDE,1324.25,2025-11-23 04:26:00,C00412
T000179,2025-11-11,LOGE,395.23,2025-09-23 02:23:00,C00103
T000187,2026-03-31,LOGE,331.87,2026-03-01 13:42:00,C00204
T000297,2026-03-03,COURTSIDE,1008.29,2026-01-28 05:26:00,C00520
T001653,2026-02-23,100,96.57,2026-02-05 23:46:00,C00597
T001455,2026-02-19,200,102.15,2026-01-17 02:17:00,C00472
T000048,2025-11-03,COURTSIDE,991.46,2025-09-26 07:44:00,C00515
T000136,2026-03-31,LOGE,202.57,2026-03-30 04:25:00,C00292
T000226,2026-02-15,LOGE,271.52,2026-02-08 13:20:00,C00438
T001005,2026-03-03,200,79.77,2026-01-20 08:35:00,C00093
T000999,2026-01-10,LOGE,375.27,2025-12-13 10:11:00,C00043
T001981,2026-01-02,200,,2025-12-22 19:00:00,C00097
T000556,2025-10-26,COURTSIDE,2191.37,2025-10-08 06:08:00,C00066
T001162,2025-12-17,LOGE,349.47,2025-11-04 16:54:00,C00284
T001619,2025-12-13,100,244.59,2025-10-31 15:32:00,C00228
T001116,2026-03-19,LOGE,281.44,2026-02-03 15:45:00,C00200
T000980,2025-10-26,100,135.82,2025-09-22 13:36:00,C00342
T001708,2025-10-30,100,256.69,2025-09-27 13:49:00,C00373
T001929,2026-02-11,200,111.71,2026-01-09 15:22:00,C00420
T000421,2026-01-26,200,101.58,2025-12-26 15:47:00,C00231
T000072,2026-01-06,200,61.72,2025-11-24 17:25:00,C00409
T001070,2026-03-19,LOGE,232.49,2026-03-03 05:18:00,C00163
T001263,2026-01-22,COURTSIDE,1791.41,2026-01-19 21:12:00,C00336
T000716,2025-11-07,COURTSIDE,1947.96,2025-11-06 00:52:00,C00538
T001736,2026-02-23,100,161.9,2026-01-14 17:31:00,C00008
T000195,2026-01-02,COURTSIDE,2095.97,2025-12-21 17:09:00,C00136
T000028,2026-03-23,COURTSIDE,1681.77,2026-03-15 11:37:00,C00315
T001712,2026-03-03,COURTSIDE,1869.88,2026-01-29 16:51:00,C00102
T001592,2026-02-23,LOGE,195.01,2026-01-18 01:35:00,C00249
T000479,2025-12-21,COURTSIDE,1953.86,2025-11-05 09:34:00,C00387
T001587,2025-11-07,100,178.23,2025-09-18 12:53:00,C00420
T001763,2026-03-27,200,59.15,2026-01-31 03:50:00,C00153
T000750,2025-11-03,LOGE,265.26,2025-09-13 00:37:00,C00321
T001805,2025-10-22,100,184.49,2025-08-30 12:27:00,C00088
T000349,2026-02-15,200,61.14,2026-01-23 22:21:00,C00052
T001780,2026-02-07,100,174.67,2026-01-04 06:49:00,C00023
T001819,2025-11-07,100,190.34,2025-09-21 14:30:00,C00149
T000878,2026-01-18,100,162.94,2025-12-26 00:49:00,C00204
T000042,2025-12-21,100,168.12,2025-10-26 05:13:00,C00101
T000844,2026-01-30,LOGE,308.94,2025-12-27 23:29:00,C00071
T000192,2026-03-27,COURTSIDE,1984.42,2026-02-08 01:30:00,C00141
T001671,2025-11-19,200,114.21,2025-10-09 07:13:00,C00093
T001078,2026-03-07,COURTSIDE,1523.97,2026-01-29 08:45:00,C00201
T001797,2026-03-31,LOGE,214.24,2026-03-16 09:12:00,C00378
T001772,2025-12-25,LOGE,259.99,2025-12-05 20:12:00,C00100
T000469,2025-12-25,200,99.07,2025-11-23 03:44:00,C00201
T001578,2026-02-27,LOGE,240.6,2026-02-26 19:08:00,C00457
T000855,2026-03-11,200,80.74,2026-02-16 16:33:00,C00588
T000961,2026-02-27,100,131.64,2026-02-08 10:33:00,C00152
T000983,2026-03-31,COURTSIDE,2305.88,2026-02-02 23:00:00,C00569
T001204,2026-01-14,LOGE,307.32,2025-12-03 01:57:00,C00335
T001115,2026-02-07,COURTSIDE,1435.95,2026-01-20 20:39:00,C00262
T000769,2025-11-15,200,85.33,2025-10-01 09:09:00,C00074
T000694,2026-03-19,200,54.24,2026-02-01 01:48:00,C00039
T000792,2025-12-05,100,,2025-10-11 19:14:00,C00552
T000915,2025-12-01,100,217.88,2025-10-26 06:14:00,C00126
T000060,2026-03-23,200,98.82,2026-03-09 00:33:00,C00271
T000046,2026-01-02,LOGE,333.25,2025-11-16 05:02:00,C00499
T001143,2025-11-03,COURTSIDE,2160.45,2025-10-31 10:10:00,C00122
T000847,2026-03-15,100,138.08,2026-02-16 06:44:00,C00110
T000522,2026-02-23,COURTSIDE,1831.13,2025-12-29 20:50:00,C00470
T001227,2026-01-14,100,248.97,2025-12-07 11:11:00,C00091
T001621,2025-11-07,LOGE,195.4,2025-10-25 22:14:00,C00145
T001922,2025-12-29,LOGE,223.83,2025-12-23 12:07:00,C00565
T001399,2026-02-23,COURTSIDE,959.23,2026-01-28 07:25:00,C00526
T001340,2026-01-30,LOGE,312.09,2026-01-20 20:58:00,C00377
T000180,2026-02-11,200,97.05,2025-12-15 23:01:00,C00048
T001673,2026-01-14,LOGE,380.24,2025-11-27 10:59:00,C00576
T000582,2026-01-06,COURTSIDE,2212.14,2025-12-25 22:57:00,C00415
T000160,2026-03-31,LOGE,347.2,2026-03-17 14:54:00,C00563
T000002,2025-11-23,100,206.66,2025-09-26 05:24:00,C00090
T000913,2026-02-11,200,100.32,2026-02-08 17:13:00,C00472
T001403,2026-02-11,LOGE,184.58,2026-01-23 17:27:00,C00481
T000866,2026-02-15,COURTSIDE,,2026-02-14 01:00:00,C00216
T001228,2025-10-22,LOGE,320.54,2025-10-04 09:52:00,C00180
T001711,2026-03-07,LOGE,210.77,2026-02-03 00:17:00,C00321
T000665,2026-02-15,COURTSIDE,1983.51,2025-12-24 02:43:00,C00407
T001620,2026-03-23,LOGE,294.72,2026-03-11 08:55:00,C00007
T000353,2026-03-11,200,72.19,2026-02-20 21:30:00,C00396
T001314,2025-11-11,COURTSIDE,1862.56,2025-09-16 21:50:00,C00417
T001137,2026-02-15,COURTSIDE,1936.47,2026-02-03 05:05:00,C00041
T000142,2026-01-06,100,195.59,2025-11-19 20:37:00,C00213
T001826,2026-03-11,LOGE,390.68,2026-01-11 20:15:00,C00062
T000492,2025-12-05,200,69.82,2025-11-07 08:14:00,C00238
T000089,2026-02-23,LOGE,233.68,2026-01-12 00:32:00,C00006
T001705,2025-12-13,100,124.81,2025-11-04 00:17:00,C00185
T000137,2026-02-19,LOGE,276.9,2026-02-07 22:15:00,C00259
T000374,2026-01-02,100,142.46,2025-11-17 21:19:00,C00355
T000953,2025-12-25,COURTSIDE,1047.05,2025-11-29 04:35:00,C00223
T001887,2026-01-06,100,210.39,2025-11-25 08:27:00,C00424
T001846,2025-10-30,LOGE,190.05,2025-10-09 20:50:00,C00317
T000423,2026-02-03,LOGE,302.6,2026-01-25 10:45:00,C00249
T000982,2026-01-18,COURTSIDE,1277.93,2025-12-16 14:36:00,C00064
T001299,2025-12-29,100,188.46,2025-11-25 07:47:00,C00438
T000928,2026-03-07,COURTSIDE,1626.53,2026-01-16 02:14:00,C00519
T000343,2025-11-23,COURTSIDE,1723.97,2025-11-16 13:07:00,C00248
T001046,2025-11-11,LOGE,291.32,2025-09-20 07:32:00,C00513
T000966,2026-03-15,100,113.57,2026-02-16 09:33:00,C00375
T001030,2025-12-05,200,98.14,2025-11-22 23:57:00,C00122
T001172,2025-12-05,LOGE,262.17,2025-11-05 17:23:00,C00368
T000851,2026-03-19,100,174.53,2026-03-02 21:42:00,C00392
T000008,2025-10-30,LOGE,297.97,2025-08-31 11:05:00,C00081
T000265,2025-11-03,LOGE,202.77,2025-09-06 12:17:00,C00087
T000188,2026-01-26,LOGE,203.46,2026-01-01 04:29:00,C00368
T001479,2025-12-01,100,104.93,2025-10-03 07:33:00,C00280
T001660,2026-01-22,LOGE,316.04,2025-12-10 07:47:00,C00528
T001713,2025-10-30,200,47.76,2025-10-20 13:47:00,C00221
T001751,2026-02-11,LOGE,215.6,2026-01-19 09:12:00,C00006
T000490,2026-01-10,100,144.54,2025-11-19 20:05:00,C00024
T001488,2026-01-30,100,224.91,2025-12-19 01:47:00,C00080
T001436,2026-02-27,100,215.78,2026-01-04 11:17:00,C00266
T000461,2026-01-26,COURTSIDE,1477.12,2026-01-20 23:50:00,C00316
T000546,2025-11-07,100,191.91,2025-11-06 15:04:00,C00221
T000345,2025-11-03,COURTSIDE,2412.62,2025-09-08 03:00:00,C00429
T001950,2025-12-29,200,114.36,2025-11-21 08:17:00,C00123
T000684,2026-03-15,200,81.72,2026-01-25 21:00:00,C00133
T000009,2026-03-11,COURTSIDE,2227.05,2026-01-30 11:40:00,C00592
T001301,2026-01-06,LOGE,325.96,2025-12-16 17:11:00,C00425
T000315,2025-10-30,200,50.04,2025-09-10 01:59:00,C00376
T000336,2026-03-27,COURTSIDE,2248.05,2026-02-18 22:36:00,C00030
T000100,2026-03-15,LOGE,284.94,2026-01-13 12:00:00,C00306
T001551,2026-02-15,COURTSIDE,1581.76,2026-01-16 09:15:00,C00419
T000143,2026-03-31,200,64.85,2026-03-25 18:39:00,C00246
T001146,2025-10-26,LOGE,379.58,2025-09-16 22:27:00,C00249
T001417,2025-12-01,COURTSIDE,2033.06,2025-10-13 06:44:00,C00511
T001168,2026-02-11,COURTSIDE,1570.51,2025-12-25 00:54:00,C00334
T000823,2025-10-22,LOGE,294.85,2025-09-28 22:32:00,C00543
T001697,2026-01-26,100,223.33,2025-12-01 01:49:00,C00392
T001810,2025-10-22,200,46.8,2025-09-24 10:51:00,C00151
T001601,2026-01-14,200,96.0,2026-01-09 16:29:00,C00099
T001295,2026-02-27,COURTSIDE,1166.6,2026-02-07 11:36:00,C00447
T000029,2025-12-21,100,134.74,2025-11-14 21:19:00,C00088
T001598,2025-11-15,LOGE,331.88,2025-10-17 22:13:00,C00005
T001256,2026-01-18,COURTSIDE,1156.89,2025-12-16 03:05:00,C00248
T000428,2025-10-22,200,115.29,2025-09-04 20:00:00,C00491
T001262,2026-01-10,100,171.87,2025-12-07 19:22:00,C00508
T000043,2025-11-03,100,254.88,2025-09-04 15:56:00,C00171
T000068,2026-03-27,200,114.43,2026-03-11 18:28:00,C00182
T001059,2025-11-15,LOGE,191.84,2025-10-18 10:38:00,C00184
T001679,2026-03-03,200,52.99,2026-03-02 05:38:00,C00472
T001943,2026-01-30,100,186.81,2026-01-09 07:09:00,C00049
T000619,2025-12-17,200,,2025-10-26 22:52:00,C00302
T000887,2025-12-01,LOGE,202.66,2025-11-26 07:51:00,C00562
T001967,2025-11-03,LOGE,341.04,2025-10-06 17:23:00,C00302
T000986,2026-02-03,200,87.97,2026-01-06 13:21:00,C00338
T000990,2025-11-07,100,125.38,2025-09-14 19:02:00,C00031
T000661,2026-02-27,100,237.66,2026-01-08 00:43:00,
T001791,2025-10-22,COURTSIDE,1912.29,2025-09-28 12:56:00,C00086
T000190,2025-12-29,100,188.38,2025-11-15 22:20:00,C00509
T000020,2025-11-23,LOGE,200.0,2025-11-19 20:16:00,C00157
T001717,2026-03-07,200,50.29,2026-01-19 14:49:00,C00198
T000597,2025-10-26,COURTSIDE,993.75,2025-09-25 05:56:00,C00367
T001380,2025-11-27,200,96.32,2025-11-07 15:31:00,C00536
T001021,2026-02-03,200,57.1,2026-01-15 03:09:00,C00587
T001319,2026-02-07,200,55.82,2026-01-26 16:42:00,C00282
T001456,2026-02-11,LOGE,212.78,2025-12-26 12:54:00,C00092
T001225,2026-02-11,COURTSIDE,1162.06,2025-12-26 09:32:00,C00425
T000059,2025-11-19,100,217.5,2025-11-09 14:43:00,C00289
T001827,2026-01-18,COURTSIDE,2258.0,2025-11-23 19:15:00,C00302
T000530,2025-11-03,LOGE,317.63,2025-09-17 00:08:00,C00240
T001866,2026-03-15,LOGE,367.84,2026-02-28 10:45:00,C00474
T001280,2025-10-30,LOGE,373.63,2025-10-22 10:55:00,C00461
T000491,2026-01-14,100,206.73,2026-01-03 15:41:00,C00529
T000624,2025-12-09,LOGE,333.38,2025-10-23 05:34:00,C00272
T000916,2025-12-25,LOGE,320.47,2025-12-12 11:42:00,C00054
T001924,2026-01-30,200,63.76,2026-01-17 00:33:00,C00288
T001192,2025-11-07,200,55.38,2025-10-16 15:52:00,C00553
T001623,2025-12-21,100,165.33,2025-11-21 13:23:00,C00169
T001500,2025-10-26,COURTSIDE,1989.09,2025-08-30 08:31:00,C00003
T001310,2025-10-26,200,104.78,2025-10-06 08:10:00,C00498
T000636,2026-03-15,200,80.72,2026-03-09 10:32:00,C00036
T000337,2025-11-11,100,251.51,2025-09-22 04:19:00,C00272
T000318,2025-11-23,COURTSIDE,1536.85,2025-10-12 14:30:00,C00256
T001106,2026-01-22,200,64.59,2025-12-08 15:57:00,C00497
T001948,2025-10-22,100,137.85,2025-09-01 22:32:00,C00114
T001498,2026-03-23,200,49.9,2026-03-14 21:47:00,C00131
T000985,2025-11-11,LOGE,294.56,2025-09-28 03:06:00,C00233
T000201,2026-03-19,LOGE,,2026-01-17 11:20:00,C00111
T001139,2026-02-23,100,241.06,2026-01-25 17:32:00,C00144
T000648,2025-11-03,LOGE,382.58,2025-09-06 11:18:00,C00021
T001902,2026-02-07,200,115.45,2026-01-13 18:05:00,C00413
T001794,2025-12-29,200,64.2,2025-12-27 05:40:00,
T000196,2026-03-07,COURTSIDE,1749.36,2026-01-07 14:42:00,C00169
T000219,2026-03-19,100,169.58,2026-03-04 03:01:00,C00045
T000691,2026-02-07,200,70.7,2025-12-11 07:17:00,C00368
T000355,2025-11-23,100,159.99,2025-10-03 12:26:00,
T000478,2025-11-07,LOGE,328.06,2025-10-29 02:23:00,C00311
T000375,2026-02-11,COURTSIDE,2095.74,2026-01-28 17:07:00,C00552
T000764,2025-11-19,LOGE,236.45,2025-10-03 14:21:00,C00026
T000612,2026-01-30,100,125.04,2026-01-09 03:08:00,C00227
T001709,2026-03-07,200,76.73,2026-01-05 01:33:00,C00001
T001627,2026-02-07,LOGE,347.27,2025-12-16 07:33:00,C00021
T000124,2026-01-18,COURTSIDE,1444.54,2025-11-22 03:40:00,C00283
T001199,2025-11-07,100,122.19,2025-10-30 00:13:00,C00152
T001534,2025-12-05,COURTSIDE,2256.05,2025-11-19 17:55:00,C00201
T000927,2025-12-01,100,182.64,2025-11-02 13:55:00,C00270
T000448,2025-11-11,LOGE,263.44,2025-10-06 07:46:00,C00058
T001386,2026-03-19,LOGE,346.62,2026-02-18 02:43:00,C00272
T000285,2026-02-11,200,107.33,2026-02-05 16:26:00,C00462
T000696,2025-11-15,100,102.96,2025-11-07 09:47:00,C00455
T001838,2026-02-07,200,65.39,2026-02-01 06:12:00,C00387
T000081,2026-01-30,COURTSIDE,1787.06,2026-01-17 09:39:00,C00389
T001003,2026-03-03,100,126.33,2026-02-02 10:25:00,C00312
T001813,2026-01-02,COURTSIDE,1022.06,2025-12-11 19:58:00,C00370
T000602,2026-01-18,200,87.23,2026-01-05 07:12:00,C00556
T001611,2026-02-19,100,150.29,2026-01-11 04:02:00,C00460
T000364,2026-03-03,LOGE,212.51,2026-01-18 15:44:00,C00033
T000917,2025-12-13,100,133.93,2025-11-15 12:56:00,C00016
T000395,2026-03-27,200,61.43,2026-03-18 07:41:00,C00157
T001196,2026-02-27,100,172.58,2026-01-23 00:51:00,C00546
T000403,2025-10-26,LOGE,235.98,2025-10-25 16:34:00,C00593
T001829,2025-12-13,200,,2025-12-04 20:00:00,C00147
T000970,2025-11-27,100,,2025-11-23 15:43:00,C00152
T001480,2026-03-23,COURTSIDE,2243.18,2026-02-26 12:01:00,C00218
T001715,2025-11-07,COURTSIDE,1317.08,2025-09-26 18:26:00,C00410
T000335,2026-02-27,200,89.39,2026-01-20 18:45:00,C00176
T000756,2026-01-14,LOGE,336.13,2026-01-04 22:39:00,C00158
T001820,2025-11-11,COURTSIDE,2491.63,2025-10-30 10:52:00,C00362
T001037,2026-02-19,100,201.53,2026-01-19 18:42:00,C00472
T000524,2025-12-13,LOGE,361.47,2025-11-11 14:51:00,C00331
T000141,2026-03-03,LOGE,279.11,2026-02-02 13:52:00,C00440
T001541,2026-03-07,COURTSIDE,2163.34,2026-02-14 15:34:00,C00055
T001944,2026-01-30,COURTSIDE,2014.33,2025-12-31 07:10:00,C00125
T001969,2026-03-03,LOGE,204.02,2026-02-27 01:57:00,C00255
T001905,2025-12-01,COURTSIDE,1226.02,2025-11-25 23:08:00,C00448
T000487,2026-02-03,100,114.15,2025-12-04 19:10:00,C00357
T001696,2025-10-30,100,134.74,2025-09-28 13:41:00,C00177
T001279,2025-12-25,COURTSIDE,2195.17,2025-11-20 05:21:00,C00019
T000151,2026-01-10,COURTSIDE,941.38,2025-12-26 01:00:00,C00590
T001507,2026-03-31,100,99.6,2026-03-03 23:11:00,C00343
T000633,2025-11-03,200,101.42,2025-09-21 20:42:00,C00088
T001890,2025-12-05,200,85.71,2025-11-10 14:17:00,C00448
T000003,2026-03-19,LOGE,186.99,2026-03-13 16:33:00,C00239
T000173,2025-11-27,LOGE,392.26,2025-11-18 06:52:00,C00340
T000719,2026-01-18,LOGE,212.7,2025-11-26 04:57:00,C00056
T000739,2025-11-23,LOGE,312.56,2025-09-27 06:31:00,C00307
T000197,2025-12-25,LOGE,392.82,2025-12-06 12:27:00,C00118
T001100,2025-12-01,100,209.68,2025-10-23 13:38:00,C00578
T000376,2025-12-29,COURTSIDE,1119.64,2025-11-19 03:59:00,C00246
T000393,2025-11-03,100,171.79,2025-10-23 10:10:00,C00515
T001594,2025-10-26,100,124.24,2025-10-18 05:46:00,C00401
T000130,2026-01-18,LOGE,239.6,2026-01-01 16:08:00,C00124
T001836,2026-03-23,200,82.75,2026-03-22 10:29:00,C00434
T001472,2026-02-23,LOGE,388.86,2026-02-05 21:56:00,C00326
T001012,2025-11-27,200,110.16,2025-11-15 22:15:00,C00430
T001016,2026-03-23,LOGE,232.33,2026-02-13 01:30:00,C00488
T001783,2026-02-23,100,122.31,2026-01-05 06:37:00,C00394
T000222,2025-11-11,COURTSIDE,1873.28,2025-11-06 19:42:00,C00282
T001233,2025-11-19,COURTSIDE,1567.45,2025-10-18 00:32:00,C00251
T001207,2025-11-27,COURTSIDE,1355.01,2025-11-16 02:54:00,C00165
T000607,2026-03-03,COURTSIDE,2436.89,2026-02-07 01:24:00,C00406
T001857,2026-03-11,100,177.32,2026-02-09 13:18:00,C00174
T000796,2026-01-22,LOGE,229.13,2025-12-03 03:53:00,C00298
T001487,2025-10-22,100,206.0,2025-09-25 05:02:00,C00501
T000749,2025-12-17,LOGE,232.27,2025-10-27 00:15:00,C00295
T001320,2026-02-11,LOGE,235.95,2026-01-04 22:06:00,C00503
T001360,2026-02-15,LOGE,204.75,2025-12-30 18:57:00,C00127
T001884,2026-03-31,100,101.02,2026-02-11 17:36:00,C00431
T001904,2025-11-19,LOGE,365.47,2025-10-09 15:08:00,C00567
T001490,2025-11-19,COURTSIDE,2455.26,2025-10-25 03:29:00,C00367
T000437,2025-12-01,COURTSIDE,1170.83,2025-10-15 05:21:00,C00501
T000868,2026-03-11,COURTSIDE,1279.42,2026-02-08 03:05:00,C00352
T000282,2026-03-03,LOGE,392.58,2026-01-09 17:12:00,C00142
T001863,2026-01-22,100,207.56,2025-12-20 08:39:00,C00270
T000015,2025-12-17,COURTSIDE,2248.56,2025-10-28 22:06:00,C00235
T000354,2026-02-27,LOGE,348.17,2026-02-09 02:44:00,C00122
T001288,2026-01-26,100,165.64,2026-01-03 09:57:00,C00360
T001128,2025-12-05,LOGE,203.85,2025-10-31 09:17:00,C00224
T000359,2026-01-10,COURTSIDE,1160.0,2025-12-01 13:48:00,C00345
T001986,2025-11-27,LOGE,368.38,2025-10-15 19:10:00,C00366
T000848,2026-03-11,100,178.02,2026-02-17 20:01:00,C00526
T001125,2025-12-25,200,103.55,2025-12-07 21:53:00,C00392
T000480,2025-11-07,LOGE,397.95,2025-10-07 04:08:00,C00411
T001830,2026-01-26,100,209.86,2025-12-29 11:19:00,C00056
T001609,2026-03-31,LOGE,329.14,2026-02-09 00:20:00,C00137
T000656,2025-12-29,COURTSIDE,2217.61,2025-11-26 10:28:00,C00127
T000797,2025-11-23,LOGE,290.25,2025-11-17 10:28:00,C00373
T001583,2026-02-15,LOGE,380.38,2026-02-03 00:10:00,C00583
T000097,2025-11-23,200,62.34,2025-10-09 18:48:00,C00220
T001848,2026-01-10,LOGE,339.65,2026-01-01 00:01:00,C00100
T000193,2026-03-31,100,244.06,2026-02-17 22:40:00,C00317
T000806,2026-01-30,COURTSIDE,2207.58,2026-01-07 07:23:00,C00494
T001739,2025-12-17,200,50.63,2025-10-24 19:27:00,C00527
T001432,2025-12-09,COURTSIDE,1034.85,2025-11-04 12:35:00,C00400
T001439,2025-12-21,200,71.28,2025-12-02 01:15:00,C00587
T001616,2026-03-23,LOGE,342.64,2026-03-01 19:26:00,C00285
T000184,2026-02-23,200,62.41,2026-01-13 15:20:00,C00471
T000427,2025-12-13,LOGE,225.96,2025-10-15 12:39:00,C00311
T000931,2026-03-03,LOGE,348.46,2026-02-21 03:05:00,C00290
T001672,2026-01-14,200,114.88,2025-11-25 03:30:00,C00067
T001285,2025-11-03,LOGE,237.95,2025-09-26 11:07:00,C00362
T000537,2026-02-11,COURTSIDE,2055.89,2026-01-01 18:50:00,C00422
T000169,2026-02-23,200,78.49,2026-01-23 12:14:00,C00341
T001750,2026-01-22,LOGE,376.28,2025-12-18 14:49:00,C00112
T000339,2026-01-02,COURTSIDE,1672.71,2025-11-11 00:38:00,C00416
T000879,2026-03-15,200,118.45,2026-02-24 11:53:00,C00333
T000474,2026-03-31,LOGE,392.91,2026-02-08 15:44:00,C00334
T000484,2026-01-14,LOGE,203.31,2026-01-07 15:11:00,C00228
T001968,2025-12-09,LOGE,218.86,2025-11-21 05:56:00,C00506
T000814,2025-12-25,200,83.75,2025-11-29 03:33:00,C00578
T000880,2026-02-27,LOGE,350.44,2026-01-29 21:20:00,C00391
T000957,2026-02-03,100,238.51,2026-01-19 01:44:00,C00012
T001308,2026-02-03,COURTSIDE,2217.94,2025-12-23 18:32:00,C00263
T000210,2026-01-22,COURTSIDE,996.88,2026-01-04 17:32:00,C00126
T000675,2026-01-02,100,172.68,2025-11-15 15:11:00,C00573
T001383,2026-03-15,COURTSIDE,1468.73,2026-02-05 21:13:00,C00516
T001513,2025-11-07,100,206.8,2025-10-02 22:14:00,C00302
T000170,2026-03-11,LOGE,280.18,2026-02-18 17:34:00,C00245
T000666,2026-03-19,100,96.21,2026-02-04 11:14:00,C00575
T001687,2026-03-11,LOGE,254.23,2026-01-26 07:51:00,C00357
T000381,2026-01-02,100,244.81,2025-12-27 01:45:00,C00588
T000630,2026-02-23,COURTSIDE,1045.82,2026-01-19 10:47:00,C00190
T001949,2025-11-03,COURTSIDE,1020.07,2025-10-12 00:32:00,C00389
T001978,2026-01-14,100,124.29,2025-12-28 21:23:00,C00175
T000278,2026-03-27,Loge ,99.09,2026-03-24 09:59:00,C00374
T000302,2026-02-15,LOGE,318.98,2025-12-25 19:24:00,C00065
T000446,2026-01-22,LOGE,280.98,2026-01-06 00:13:00,C00232
T000121,2026-01-10,200,107.3,2026-01-04 14:29:00,C00462
T001185,2026-03-19,100,256.11,2026-02-17 19:17:00,
T000010,2025-12-09,100,102.56,2025-11-24 14:08:00,C00082
T000925,2026-03-07,LOGE,221.75,2026-02-23 05:27:00,C00357
T001321,2026-03-07,COURTSIDE,2019.39,2026-02-27 13:12:00,C00559
T001509,2026-01-14,200,115.77,2025-11-25 03:32:00,C00450
T000144,2025-12-05,100,120.83,2025-11-08 08:38:00,C00482
T000499,2026-03-27,200,106.03,2026-02-09 13:51:00,C00087
T001663,2025-12-17,LOGE,,2025-11-07 21:14:00,C00357
T001575,2025-12-01,100,116.31,2025-11-04 07:41:00,C00071
T000175,2025-11-27,LOGE,371.61,2025-11-17 21:27:00,C00481
T000508,2025-10-30,COURTSIDE,1259.75,2025-10-11 18:16:00,C00469
T000435,2026-01-26,200,82.45,2025-12-15 00:38:00,C00346
T001420,2026-02-19,COURTSIDE,1358.81,2026-02-08 21:06:00,C00273
T001034,2026-01-06,COURTSIDE,2127.25,2025-12-29 00:36:00,C00342
T000449,2026-03-31,100,210.97,2026-03-25 06:57:00,C00445
T000203,2026-03-27,200,93.57,2026-02-14 08:10:00,C00310
T000908,2025-12-17,100,119.86,2025-11-15 16:36:00,C00351
T001302,2026-01-30,COURTSIDE,1899.94,2025-12-31 01:05:00,C00561
T001379,2025-11-11,COURTSIDE,1649.15,2025-11-05 07:42:00,C00308
T000867,2026-01-26,100,148.7,2025-12-17 15:09:00,C00192
T001231,2026-03-19,COURTSIDE,1690.56,2026-01-30 08:11:00,C00230
T000131,2025-12-09,COURTSIDE,1091.29,2025-11-04 00:27:00,C00190
T000385,2026-02-15,LOGE,375.64,2026-02-06 06:48:00,C00480
T001742,2026-01-02,COURTSIDE,1673.0,2025-12-16 16:44:00,C00003
T000834,2025-11-19,200,78.49,2025-10-05 18:29:00,C00103
T001407,2026-01-02,100,205.06,2025-12-24 18:06:00,C00205
T000084,2026-02-15,LOGE,277.28,2026-02-01 06:34:00,C00485
T000569,2025-10-22,LOGE,366.78,2025-09-05 13:31:00,C00107
T000527,2025-11-19,200,78.1,2025-11-18 09:24:00,C00208
T000782,2025-12-09,100,124.92,2025-10-18 04:39:00,C00056
T001219,2026-03-19,200,103.6,2026-01-28 14:31:00,C00201
T001209,2025-12-01,200,53.77,2025-11-10 04:24:00,C00130
T001756,2026-01-30,LOGE,208.91,2026-01-23 23:17:00,C00130
T001283,2025-11-23,COURTSIDE,2045.16,2025-10-22 20:16:00,C00583
T001054,2025-12-29,200,56.81,2025-12-21 23:29:00,C00574
T001369,2026-03-15,200,60.85,2026-03-11 02:02:00,C00290
T000559,2025-11-19,200,100.56,2025-11-18 22:30:00,C00013
T001837,2026-02-15,COURTSIDE,2370.64,2026-01-13 13:34:00,C00233
T000936,2025-11-03,COURTSIDE,1253.16,2025-09-18 21:35:00,C00014
T000215,2025-12-25,200,53.24,2025-10-30 23:08:00,C00135
T000707,2026-01-22,COURTSIDE,1581.59,2026-01-14 20:46:00,C00047
T001649,2026-03-15,200,58.92,2026-03-11 17:46:00,C00197
T000006,2026-02-07,COURTSIDE,1344.59,2026-01-24 12:31:00,C00105
T000952,2025-11-23,COURTSIDE,1487.33,2025-10-16 15:29:00,C00239
T000614,2025-12-21,COURTSIDE,2471.81,2025-12-10 02:18:00,C00091
T001029,2025-11-23,LOGE,294.34,2025-10-13 07:01:00,C00505
T000706,2026-02-15,100,111.47,2026-02-03 22:40:00,C00298
T000330,2026-02-15,COURTSIDE,1105.34,2025-12-23 05:11:00,C00187
T001539,2025-11-23,200,59.38,2025-10-29 00:18:00,C00384
T000155,2026-01-18,LOGE,253.33,2025-12-06 20:26:00,C00165
T001163,2025-11-03,200,53.45,2025-10-24 00:37:00,C00486
T001871,2025-11-27,LOGE,212.01,2025-11-13 13:05:00,C00582
T001071,2026-02-19,LOGE,194.53,2026-02-05 00:19:00,C00442
T001072,2026-02-07,COURTSIDE,1771.24,2026-01-22 18:06:00,C00080
T000506,2026-02-03,LOGE,271.44,2025-12-11 08:51:00,C00501
T001710,2025-12-21,COURTSIDE,973.87,2025-10-21 06:17:00,C00301
T001636,2026-02-23,COURTSIDE,2014.33,2026-01-12 10:51:00,C00435
T001831,2025-11-15,100,173.68,2025-10-07 18:37:00,C00031
T000536,2025-11-23,200,,2025-10-17 23:43:00,C00169
T001730,2026-03-23,LOGE,335.49,2026-03-11 09:02:00,C00363
T000632,2026-02-11,LOGE,237.95,2025-12-19 14:50:00,C00578
T001691,2026-02-19,COURTSIDE,2335.55,2026-02-05 16:34:00,C00201
T001572,2025-12-05,200,50.21,2025-11-10 14:19:00,C00211
T000820,2025-10-26,200,84.2,2025-08-28 06:48:00,C00430
T000256,2025-12-21,100,119.16,2025-12-08 18:05:00,C00157
T000608,2026-03-19,100,150.53,2026-02-26 19:21:00,C00162
T001773,2025-10-22,200,69.84,2025-09-04 11:40:00,C00542
T001896,2026-02-15,LOGE,379.76,2026-01-04 10:30:00,C00008
T001533,2025-10-26,200,59.84,2025-10-14 16:32:00,C00269
T001418,2025-11-15,200,93.53,2025-10-24 19:18:00,C00126
T000812,2025-12-21,100,116.1,2025-11-13 18:31:00,C00138
T001111,2026-01-06,LOGE,344.15,2025-11-18 05:50:00,C00240
T000989,2026-02-07,200,94.22,2026-01-01 18:37:00,C00326
T001666,2026-03-15,100,116.1,2026-01-23 21:02:00,C00309
T000341,2026-02-03,LOGE,282.18,2026-01-12 03:18:00,C00148
T000319,2025-11-19,100,216.39,2025-10-18 06:20:00,C00397
T000659,2026-01-02,100,158.78,2025-12-22 04:29:00,C00220
T001957,2026-02-15,LOGE,221.34,2026-02-08 12:23:00,C00214
T000577,2026-03-19,100,120.64,2026-03-08 08:40:00,C00478
T000489,2026-01-18,LOGE,201.48,2025-12-02 00:14:00,C00464
T001865,2025-10-22,200,108.98,2025-10-03 11:11:00,C00163
T000973,2025-12-13,COURTSIDE,1778.08,2025-11-03 19:11:00,C00019
T001453,2025-10-22,100,185.34,2025-10-17 22:29:00,C00428
T001027,2026-03-15,100,174.8,2026-01-29 03:22:00,C00295
T001354,2025-12-25,100,146.69,2025-12-16 06:58:00,C00288
T000592,2026-02-23,LOGE,374.21,2026-01-23 21:56:00,C00090
T000230,2026-01-14,100,162.78,2025-11-19 01:18:00,C00434
T000464,2025-11-15,100,109.79,2025-10-10 20:50:00,C00333
T001458,2026-03-07,100,253.08,2026-01-09 08:53:00,C00285
T001505,2025-11-11,100,258.39,2025-10-27 00:28:00,C00434
T000560,2025-12-21,100,172.84,2025-11-26 18:53:00,C00184
T000382,2025-12-17,100,245.68,2025-12-05 09:45:00,C00181
T000404,2025-11-07,100,164.91,2025-09-23 21:50:00,C00555
T001147,2025-11-23,100,123.42,2025-11-19 13:31:00,C00100
T000509,2026-03-15,LOGE,300.94,2026-03-07 04:28:00,C00117
T000018,2025-11-27,COURTSIDE,1123.41,2025-10-10 04:51:00,C00552
T000392,2026-03-19,100,138.16,2026-02-23 00:22:00,C00242
T001484,2026-01-10,COURTSIDE,1916.27,2025-11-22 08:33:00,C00280
T000519,2026-02-23,200,88.31,2026-02-05 02:35:00,C00425
T000547,2025-10-30,100,251.53,2025-10-04 06:43:00,C00294
T000720,2025-10-22,200,82.92,2025-09-21 07:05:00,C00170
T000292,2026-02-07,100,223.07,2026-01-22 13:44:00,C00125
T001828,2026-02-15,200,107.64,2026-01-10 09:38:00,C00249
T001804,2025-11-23,200,102.76,2025-11-05 19:08:00,C00014
T001372,2025-10-26,200,57.22,2025-09-06 10:16:00,C00292
T001762,2025-12-09,LOGE,335.42,2025-10-18 20:29:00,C00515
T001637,2025-12-21,200,80.83,2025-10-23 11:40:00,C00029
T000096,2026-01-02,200,65.38,2025-12-12 05:34:00,C00083
T000440,2025-11-27,100,131.09,2025-10-28 11:16:00,C00062
T000299,2026-01-22,COURTSIDE,2095.71,2025-12-30 21:42:00,C00354
T000386,2025-12-29,200,105.66,2025-12-07 18:28:00,C00470
T001734,2026-03-15,100,108.96,2026-02-24 05:06:00,C00505
T001094,2026-01-22,100,190.74,2025-12-08 21:17:00,C00146
T000832,2026-03-11,LOGE,219.32,2026-02-03 05:04:00,C00496
T001374,2026-03-23,200,71.93,2026-03-16 11:28:00,C00525
T000103,2026-01-14,LOGE,339.32,2025-11-21 08:03:00,C00131
T000208,2026-03-27,LOGE,386.59,2026-03-09 22:53:00,C00380
T000470,2026-02-15,100,117.36,2026-02-14 10:30:00,C00341
T001053,2025-12-09,COURTSIDE,1342.64,2025-11-18 08:57:00,C00121
T000310,2026-01-02,COURTSIDE,1064.16,2025-12-12 01:27:00,C00303
T000024,2025-12-29,COURTSIDE,1078.48,2025-12-01 18:37:00,C00465
T000762,2026-02-19,100,113.93,2026-01-27 08:48:00,C00247
T000525,2026-01-02,COURTSIDE,1775.7,2025-12-24 04:41:00,C00497
T000926,2026-01-10,LOGE,240.57,2025-11-17 03:34:00,C00568
T001689,2025-12-09,LOGE,201.41,2025-11-18 04:12:00,C00056
T000804,2025-12-25,200,73.25,2025-11-30 11:32:00,C00080
T000320,2026-03-11,100,138.19,2026-02-22 08:47:00,C00220
T001778,2025-11-27,100,116.09,2025-10-31 05:13:00,C00259
T001127,2026-02-11,100,176.13,2025-12-13 17:10:00,C00403
T001050,2025-10-22,COURTSIDE,2391.74,2025-09-08 03:43:00,C00090
T001607,2025-10-30,100,241.1,2025-10-03 13:43:00,C00512
T001522,2026-01-02,COURTSIDE,2452.43,2025-11-29 03:59:00,C00149
T000098,2025-11-07,LOGE,269.67,2025-10-03 08:06:00,C00426
T000156,2026-01-14,LOGE,332.61,2025-12-26 01:24:00,C00411
T000898,2026-01-02,LOGE,297.72,2025-11-18 07:13:00,C00489
T001962,2025-11-27,LOGE,372.76,2025-10-10 20:15:00,C00247
T001643,2026-03-19,COURTSIDE,2074.29,2026-01-29 20:58:00,C00112
T001174,2025-11-03,COURTSIDE,1118.4,2025-09-09 08:07:00,C00470
T001903,2026-01-10,200,77.81,2026-01-03 19:42:00,C00517
T000426,2025-11-07,200,105.35,2025-09-30 01:05:00,C00573
T000954,2025-11-07,COURTSIDE,2168.65,2025-10-26 07:21:00,C00591
T001245,2026-03-11,100,163.86,2026-01-11 21:24:00,C00120
T001210,2026-02-11,COURTSIDE,1491.48,2026-01-28 04:49:00,C00036
T001518,2026-03-15,200,92.8,2026-02-26 11:53:00,C00432
T000517,2025-11-23,LOGE,382.13,2025-11-05 01:37:00,C00130
T001341,2025-12-01,100,97.33,2025-10-28 09:09:00,C00465
T001721,2026-03-31,100,154.87,2026-03-09 14:41:00,C00150
T000087,2025-10-26,100,135.4,2025-09-25 03:09:00,C00075
T000277,2026-01-14,200,89.79,2026-01-04 18:28:00,C00186
T000759,2025-12-17,200,84.05,2025-10-27 06:46:00,C00164
T000135,2025-12-29,100,255.76,2025-11-23 14:02:00,C00130
T001593,2026-02-11,200,80.31,2026-01-24 18:30:00,C00175
T000672,2025-10-30,200,70.74,2025-09-14 16:25:00,C00548
T000387,2025-12-25,200,46.06,2025-12-03 13:56:00,C00582
T000803,2025-10-30,COURTSIDE,1065.16,2025-09-26 02:23:00,C00281
T000833,2025-12-25,COURTSIDE,1824.24,2025-11-05 10:25:00,C00142
T001722,2025-12-17,COURTSIDE,915.78,2025-11-22 16:25:00,C00388
T001269,2025-12-01,100,155.01,2025-11-18 12:27:00,C00206
T000279,2025-12-21,LOGE,314.33,2025-11-02 08:41:00,C00240
T000035,2025-12-17,100,244.39,2025-10-22 12:44:00,C00073
T001963,2025-10-26,LOGE,221.15,2025-10-24 07:45:00,C00544
T001183,2025-12-13,200,71.88,2025-11-27 01:54:00,C00093
T000935,2026-01-26,LOGE,295.68,2025-12-12 03:52:00,C00263
T001009,2025-12-01,100,110.05,2025-10-16 08:40:00,C00372
T000236,2026-01-18,100,124.93,2026-01-08 04:41:00,C00411
T000025,2025-10-22,COURTSIDE,2455.02,2025-09-03 17:55:00,C00520
T000309,2025-11-11,LOGE,197.36,2025-10-03 17:51:00,C00559
T000290,2026-02-19,LOGE,315.38,2025-12-23 21:18:00,C00020
T001529,2026-03-27,200,62.93,2026-02-07 12:42:00,C00385
T001856,2026-03-15,LOGE,201.43,2026-03-14 19:08:00,C00317
T001428,2026-01-02,LOGE,268.44,2025-11-19 00:05:00,C00567
T000811,2026-02-19,200,89.31,2026-01-08 09:59:00,C00023
T001899,2025-10-22,100,120.31,2025-09-28 06:18:00,C00326
T001357,2025-11-27,LOGE,191.71,2025-11-17 22:09:00,C00236
T000105,2025-11-11,LOGE,209.85,2025-10-12 17:48:00,C00052
T001175,2026-02-03,200,102.03,2026-01-19 13:56:00,C00161
T000977,2025-11-15,100,143.26,2025-09-19 01:51:00,C00396
T000896,2025-11-11,LOGE,247.73,2025-10-15 15:08:00,C00160
T000037,2025-11-23,LOGE,233.46,2025-10-23 10:07:00,C00195
T001493,2025-12-17,100,220.14,2025-11-03 11:48:00,C00197
T001406,2026-01-22,LOGE,355.95,2025-11-28 18:29:00,C00213
T000751,2026-03-11,100,97.14,2026-02-22 17:05:00,C00454
T001282,2026-03-11,COURTSIDE,2315.52,2026-02-28 07:14:00,C00442
T001787,2026-01-06,200,67.23,2025-12-19 05:10:00,C00122
T001087,2026-01-02,200,55.07,2025-12-28 01:53:00,C00017
T001754,2025-12-09,LOGE,391.13,2025-11-21 19:57:00,C00432
T000383,2025-10-30,LOGE,353.35,2025-10-18 14:08:00,C00039
T001591,2025-12-25,100,212.0,2025-12-16 12:51:00,C00476
T000821,2025-11-27,100,124.27,2025-09-30 03:01:00,C00040
T001998,2025-11-03,COURTSIDE,1120.35,2025-09-07 14:20:00,C00515
T001312,2025-12-01,COURTSIDE,1118.29,2025-11-14 14:32:00,C00564
T000736,2026-02-27,200,96.89,2026-02-15 19:38:00,C00107
T001182,2026-02-11,LOGE,232.91,2026-01-06 23:35:00,C00417
T000877,2026-01-14,COURTSIDE,1477.54,2025-12-09 04:59:00,C00264
T000859,2025-11-27,100,114.78,2025-11-21 00:56:00,C00505
T001393,2026-02-19,200,93.73,2026-01-22 02:38:00,C00552
T001105,2026-03-23,200,113.26,2026-02-03 18:51:00,C00458
T000907,2025-12-05,100,141.55,2025-11-26 09:03:00,C00009
T000371,2026-01-06,200,115.61,2025-12-17 14:09:00,C00213
T001729,2025-12-29,100,246.54,2025-11-18 11:22:00,C00256
T001093,2026-02-03,COURTSIDE,953.54,2026-01-31 04:37:00,C00495
T001275,2025-11-15,100,232.0,2025-10-14 00:52:00,C00028
T000671,2026-02-23,COURTSIDE,1315.08,2026-01-27 10:12:00,C00398
T001118,2025-10-22,100,232.23,2025-10-21 09:58:00,C00101
T001952,2026-03-31,LOGE,327.01,2026-02-25 06:00:00,C00247
T000785,2026-01-18,200,95.35,2026-01-02 20:36:00,C00292
T000786,2026-03-27,100,243.52,2026-03-06 07:25:00,C00462
T001329,2026-02-03,COURTSIDE,2047.82,2025-12-08 20:35:00,C00165
T001200,2026-02-23,200,110.62,2026-01-20 02:36:00,C00024
T001814,2025-11-11,100,194.74,2025-10-30 09:23:00,C00544
T001622,2025-12-13,200,51.88,2025-11-05 05:16:00,C00210
T001150,2026-01-30,COURTSIDE,1093.28,2025-12-17 04:21:00,C00559
T000389,2026-02-27,COURTSIDE,1038.78,2026-01-15 20:45:00,C00190
T000822,2026-03-07,100,110.38,2026-01-23 19:34:00,C00553
T000022,2026-01-26,LOGE,311.1,2025-12-27 05:57:00,C00258
T000740,2026-03-11,COURTSIDE,2039.0,2026-01-10 05:07:00,C00223
T001540,2026-01-10,LOGE,394.94,2025-12-25 22:26:00,C00194
T000553,2026-01-06,200,53.96,2025-11-21 19:19:00,C00012
T001471,2025-11-19,100,128.42,2025-10-01 03:38:00,C00243
T000133,2026-03-23,COURTSIDE,2468.82,2026-01-28 17:23:00,C00304
T000338,2025-12-13,LOGE,315.98,2025-12-11 07:01:00,C00559
T001019,2025-12-05,200,49.13,2025-11-12 22:45:00,C00149
T001900,2026-01-14,200,116.94,2025-12-17 15:45:00,C00570
T001955,2026-03-11,200,94.46,2026-01-22 16:59:00,C00080
T000641,2026-01-26,LOGE,301.45,2025-12-02 14:35:00,C00533
T000799,2026-02-27,200,78.47,2026-02-15 04:41:00,C00580
T000212,2025-11-03,COURTSIDE,1289.71,2025-10-25 04:44:00,C00211
T000549,2026-03-07,200,65.81,2026-02-15 21:19:00,C00524
T000171,2026-03-15,LOGE,231.38,2026-01-24 09:59:00,C00045
T000995,2026-03-23,LOGE,336.64,2026-02-27 17:44:00,C00397
T000587,2025-12-09,LOGE,358.05,2025-12-03 12:41:00,C00126
T000227,2026-01-10,COURTSIDE,1498.88,2025-12-31 00:34:00,C00486
T001930,2026-01-02,COURTSIDE,1537.29,2025-12-25 17:52:00,C00331
T001385,2026-01-30,100,108.74,2025-12-04 13:51:00,C00322
T000316,2026-01-22,LOGE,388.88,2026-01-19 03:21:00,C00158
T001626,2025-11-11,COURTSIDE,1537.19,2025-10-31 07:56:00,C00452
T000839,2026-01-02,100,251.04,2025-11-10 18:02:00,C00507
T000652,2025-12-13,LOGE,343.01,2025-10-25 06:23:00,C00383
T000348,2026-01-06,LOGE,185.1,2025-11-06 10:35:00,C00518
T001486,2025-10-26,200,93.48,2025-10-25 03:14:00,C00488
T000746,2025-12-09,COURTSIDE,2100.3,2025-11-28 14:14:00,C00257
T001221,2026-02-27,LOGE,222.78,2026-02-06 03:25:00,C00524
T000944,2025-11-15,200,104.43,2025-10-10 10:18:00,C00517
T000056,2025-11-23,COURTSIDE,2309.38,2025-09-27 15:40:00,C00379
T000267,2026-03-03,200,72.29,2026-01-03 14:21:00,C00397
T000409,2026-03-07,200 ,296.35,2026-01-19 16:24:00,C00004
T000969,2026-02-11,100,247.5,2026-01-27 17:12:00,C00383
T000453,2025-12-13,200,101.42,2025-10-28 10:25:00,C00079
T001886,2025-12-09,100,156.09,2025-11-15 23:27:00,C00310
T001208,2026-03-07,COURTSIDE,1191.65,2026-02-23 00:22:00,C00158
T000949,2025-10-30,COURTSIDE,1853.22,2025-09-26 19:24:00,C00310
T001747,2026-01-18,100,111.72,2025-12-17 17:16:00,C00087
T001366,2026-01-22,100,233.1,2026-01-12 23:01:00,C00084
T000268,2026-02-03,COURTSIDE,1986.24,2026-01-30 02:28:00,C00343
T000331,2025-11-23,LOGE,290.63,2025-09-28 22:07:00,C00128
T001841,2026-01-30,LOGE,216.26,2025-12-09 11:20:00,C00435
T000576,2026-01-10,LOGE,239.83,2026-01-05 17:05:00,C00140
T000063,2025-11-23,COURTSIDE,1158.53,2025-10-25 05:11:00,C00438
T001588,2026-02-11,200,63.96,2026-01-09 22:29:00,C00474
T001842,2025-12-09,COURTSIDE,1073.44,2025-12-04 11:38:00,C00344
T000872,2026-03-11,LOGE,368.39,2026-02-26 19:02:00,C00154
T001074,2026-03-11,100,230.63,2026-02-27 13:30:00,C00416
T001151,2025-11-23,COURTSIDE,2238.28,2025-10-03 16:44:00,C00047
T000520,2026-01-26,LOGE,196.61,2025-12-06 20:50:00,C00413
T000275,2026-02-23,200,61.99,2026-02-14 18:43:00,C00080
T000298,2026-02-27,100,159.42,2026-01-27 22:31:00,C00397
T000030,2026-02-23,100,256.37,2026-01-19 19:43:00,C00132
T001007,2025-11-23,LOGE,270.98,2025-10-25 23:09:00,C00184
T000704,2025-11-19,LOGE,212.81,2025-11-13 06:33:00,C00077
T001413,2026-03-11,COURTSIDE,2334.11,2026-01-15 00:27:00,C00528
T001426,2025-11-03,LOGE,347.02,2025-09-21 02:07:00,C00155
T001466,2026-01-26,COURTSIDE,1045.64,2026-01-19 05:31:00,C00173
T000885,2026-02-11,LOGE,216.81,2025-12-18 23:13:00,C00129
T000825,2026-03-19,100,165.21,2026-03-02 07:43:00,C00239
T001098,2025-10-22,LOGE,279.89,2025-08-25 08:00:00,C00588
T001004,2026-01-02,LOGE,216.63,2025-12-14 03:05:00,C00056
T001229,2026-03-11,LOGE,336.25,2026-01-21 19:20:00,C00205
T001535,2025-10-26,200,108.22,2025-08-28 20:33:00,C00022
T001327,2025-12-13,200,113.69,2025-11-02 13:11:00,C00417
T001652,2025-12-29,100,151.46,2025-11-21 16:00:00,C00490
T000408,2025-11-11,200,94.02,2025-10-19 19:58:00,C00183
T000714,2026-03-27,LOGE,351.42,2026-02-15 23:01:00,C00134
T000356,2026-01-22,200,59.93,2025-12-20 10:18:00,C00513
T001390,2026-03-23,LOGE,,2026-01-29 02:57:00,C00370
T000677,2026-01-06,LOGE,353.38,2025-12-15 11:19:00,C00267
T000327,2026-03-11,200,90.9,2026-03-05 21:46:00,C00317
T001528,2025-12-17,100,200.4,2025-11-02 16:09:00,C00478
T000181,2026-01-10,100,143.41,2025-12-17 09:18:00,C00150
T001926,2025-12-01,200,116.53,2025-10-30 09:13:00,C00457
T000436,2025-12-25,LOGE,392.63,2025-11-13 07:16:00,C00472
T001942,2025-11-15,LOGE,339.12,2025-10-28 13:11:00,C00355
T000254,2025-12-17,COURTSIDE,2146.59,2025-12-12 06:35:00,C00117
T000334,2025-12-29,200,91.88,2025-11-19 05:48:00,C00096
T001923,2026-01-02,LOGE,343.94,2025-12-01 09:07:00,C00525
T000430,2026-01-02,LOGE,282.58,2025-11-21 11:45:00,C00316
T000295,2025-10-26,200,98.89,2025-10-07 09:21:00,C00002
T000783,2026-03-11,LOGE,321.83,2026-03-06 14:05:00,C00069
T001704,2026-02-23,100,180.62,2026-01-16 05:37:00,C00128
T000919,2025-10-30,LOGE,331.45,2025-10-20 11:20:00,C00092
T001326,2025-12-25,COURTSIDE,1044.4,2025-11-02 15:58:00,C00305
T000116,2025-10-30,COURTSIDE,1752.39,2025-09-17 11:22:00,C00071
T001069,2026-03-11,100,225.75,2026-02-04 08:16:00,C00411
T001122,2025-11-11,200,73.2,2025-09-23 01:54:00,C00580
T000303,2026-02-15,100,143.42,2026-02-12 17:12:00,C00043
T001860,2026-02-19,COURTSIDE,2121.03,2026-01-21 01:49:00,C00144
T000557,2025-12-25,100,176.86,2025-11-22 11:43:00,C00057
T001977,2026-02-15,200,117.17,2026-01-03 07:49:00,C00439
T000613,2026-03-31,100,249.55,2026-03-21 12:42:00,C00080
T001546,2026-02-19,LOGE,284.23,2026-01-12 10:19:00,C00598
T000646,2026-03-23,LOGE,188.24,2026-03-05 10:15:00,C00148
T000816,2025-11-11,200,78.69,2025-10-11 07:34:00,C00175
T001197,2026-01-02,LOGE,316.61,2025-11-11 01:02:00,C00068
T001983,2026-01-18,COURTSIDE,1961.45,2026-01-01 11:34:00,C00470
T000685,2026-03-27,LOGE,319.37,2026-03-01 09:22:00,C00489
T001868,2025-11-15,100,124.75,2025-11-08 10:28:00,C00444
T001862,2026-02-03,200,78.06,2026-01-01 02:41:00,C00322
T000238,2025-12-13,LOGE,272.36,2025-11-21 18:38:00,C00379
T001881,2026-01-10,COURTSIDE,922.7,2025-11-13 08:21:00,C00152
T001355,2026-01-22,LOGE,242.24,2025-11-26 15:01:00,C00271
T001097,2026-03-31,COURTSIDE,1880.86,2026-02-01 12:17:00,C00548
T000185,2025-12-25,100,243.32,2025-11-25 14:11:00,C00560
T001142,2026-03-07,LOGE,392.65,2026-03-05 22:45:00,C00348
T000673,2026-03-31,LOGE,379.44,2026-02-16 11:46:00,C00520
T001186,2025-12-05,COURTSIDE,1902.9,2025-10-20 02:23:00,C00002
T000496,2025-11-15,200,72.43,2025-11-02 08:23:00,C00117
T001317,2025-12-25,LOGE,374.6,2025-12-09 03:32:00,C00126
T001463,2025-10-26,COURTSIDE,2158.81,2025-10-10 04:14:00,C00455
T000241,2025-12-29,LOGE,325.63,2025-11-27 03:17:00,C00453
T000598,2026-03-19,200,118.05,2026-03-12 15:33:00,C00247
T000647,2026-03-27,LOGE,188.53,2026-01-29 12:42:00,C00244
T001043,2026-01-06,COURTSIDE,2035.74,2025-12-19 09:53:00,C00089
T001410,2026-01-18,200,58.1,2025-11-23 06:49:00,C00033
T001028,2026-02-07,COURTSIDE,1315.46,2026-01-01 02:44:00,C00363
T001251,2025-10-26,LOGE,346.61,2025-10-23 17:18:00,C00111
T000429,2025-12-21,200,74.75,2025-12-05 05:10:00,C00330
T000040,2026-01-30,COURTSIDE,2180.95,2026-01-23 15:31:00,C00197
T000183,2025-12-05,100,195.57,2025-11-10 02:51:00,C00247
T000728,2026-01-14,LOGE,337.66,2025-12-21 08:34:00,C00117
T001459,2025-11-11,200,98.04,2025-10-05 02:30:00,C00317
T000626,2026-03-11,LOGE,213.79,2026-02-15 23:53:00,C00438
T001423,2026-02-03,LOGE,389.4,2025-12-31 00:43:00,C00371
T000503,2025-12-05,200,81.72,2025-11-26 17:37:00,C00323
T001675,2025-11-19,100,151.14,2025-10-12 17:35:00,C00119
T000445,2025-12-09,COURTSIDE,2204.34,2025-11-21 10:28:00,C00081
T000007,2025-11-11,LOGE,201.28,2025-09-17 12:16:00,C00271
T000439,2025-10-22,LOGE,210.25,2025-09-11 16:07:00,C00070
T001990,2025-12-25,COURTSIDE,2320.79,2025-11-29 03:54:00,C00428
T000407,2026-01-22,LOGE,278.68,2025-11-24 11:07:00,C00385
T000270,2025-12-25,200,70.0,2025-11-17 01:21:00,C00145
T001497,2025-12-29,LOGE,217.5,2025-12-16 01:29:00,C00580
T001558,2025-10-22,COURTSIDE,1350.95,2025-09-29 10:13:00,C00416
T000384,2025-10-22,COURTSIDE,1808.74,2025-10-15 12:34:00,C00292
T000993,2026-03-23,200,89.73,2026-03-08 00:33:00,C00027
T001793,2026-01-10,100,198.28,2026-01-09 11:52:00,C00225
T001936,2026-03-15,LOGE,330.07,2026-02-15 13:10:00,C00328
T000544,2026-03-03,100,257.84,2026-01-02 13:12:00,C00136
T001698,2025-12-29,LOGE,260.81,2025-12-21 20:02:00,C00085
T000451,2025-12-13,LOGE,239.64,2025-10-14 21:28:00,C00288
T001647,2026-01-02,LOGE,217.54,2025-12-09 17:39:00,C00138
T001062,2025-11-23,100,229.12,2025-09-25 00:10:00,C00480
T000504,2026-02-11,100,237.81,2025-12-12 23:41:00,C00497
T000017,2026-01-10,200,94.16,2025-12-15 02:04:00,C00470
T001559,2026-03-19,100,172.88,2026-02-14 18:55:00,C00408
T001685,2025-12-17,100,247.32,2025-10-28 17:54:00,C00500
T000651,2025-12-29,LOGE,313.1,2025-12-23 17:36:00,C00453
T000206,2026-01-26,LOGE,261.62,2025-11-26 00:14:00,C00554
T000888,2025-11-03,100,222.2,2025-09-30 21:10:00,C00107
T001920,2025-12-13,COURTSIDE,1083.66,2025-11-29 23:00:00,C00336
T001217,2025-11-19,COURTSIDE,939.67,2025-10-10 16:29:00,C00457
T001149,2026-02-23,200,49.73,2026-02-10 09:28:00,C00346
T001304,2026-02-23,200,94.56,2026-01-01 08:03:00,C00275
T001323,2026-02-19,COURTSIDE,2214.18,2026-02-17 01:59:00,C00036
T001271,2025-12-29,COURTSIDE,2110.08,2025-11-07 02:02:00,C00410
T001290,2025-11-07,COURTSIDE,1083.15,2025-10-27 23:20:00,C00552
T000321,2026-03-27,COURTSIDE,2010.37,2026-02-23 17:11:00,C00126
T000670,2026-03-23,LOGE,325.32,2026-02-07 19:14:00,C00027
T000153,2025-10-30,200,80.29,2025-09-18 08:55:00,C00285
T000456,2026-02-27,COURTSIDE,985.91,2026-01-30 16:05:00,C00078
T000162,2025-10-26,200,98.23,2025-10-06 05:12:00,C00015
T000725,2025-11-15,LOGE,270.71,2025-10-10 05:16:00,C00001
T000239,2026-01-06,COURTSIDE,2142.94,2025-11-30 03:39:00,C00087
T001090,2026-03-27,200,79.08,2026-02-27 05:10:00,C00461
T001449,2025-11-19,100,155.98,2025-10-31 22:38:00,C00536
T000178,2025-10-30,100,133.74,2025-09-16 14:12:00,C00233
T001600,2025-12-21,200,51.85,2025-11-24 23:03:00,C00015
T001124,2025-11-07,LOGE,382.99,2025-10-20 09:26:00,C00332
T001996,2026-02-15,100,130.86,2025-12-24 03:46:00,C00127
T001818,2025-11-27,200,69.02,2025-11-02 08:46:00,C00490
T000246,2026-01-02,COURTSIDE,1091.97,2025-12-01 09:19:00,C00180
T000225,2025-12-13,LOGE,279.34,2025-11-28 09:53:00,C00348
T000605,2026-03-27,200,105.48,2026-03-05 17:57:00,C00332
T001184,2025-10-26,LOGE,327.19,2025-10-15 08:20:00,C00585
T001171,2026-02-23,100,241.93,2026-02-13 16:38:00,C00466
T001448,2025-12-01,COURTSIDE,2374.72,2025-11-23 03:28:00,C00419
T001214,2026-02-27,COURTSIDE,1935.59,2026-02-08 07:50:00,C00297
T001118,2025-10-22,100,232.23,2025-10-21 09:58:00,C00101
T000578,2026-01-10,LOGE,206.56,2025-12-18 16:55:00,C00463
T001450,2025-11-27,100,156.29,2025-11-03 13:39:00,C00302
T000757,2026-01-10,100,222.65,2025-11-30 03:00:00,C00309
T001259,2025-11-15,200,114.04,2025-09-21 07:48:00,C00376
T001001,2026-03-23,100,180.91,2026-02-22 08:25:00,C00044
T001913,2025-11-07,LOGE,365.82,2025-09-09 16:55:00,C00401
T001570,2026-03-31,COURTSIDE,1049.19,2026-03-24 00:58:00,C00567
T000082,2025-12-05,COURTSIDE,1549.72,2025-10-13 00:00:00,C00312
T001395,2026-02-07,100,114.22,2025-12-11 18:48:00,C00456
T000346,2025-12-21,200,106.01,2025-10-22 04:17:00,C00321
T001129,2026-03-27,100,245.58,2026-02-09 15:10:00,C00106
T000424,2025-12-25,200,69.77,2025-12-19 08:39:00,C00380
T000197,2025-12-25,LOGE,392.82,2025-12-06 12:27:00,C00118
T000289,2025-11-23,100,142.34,2025-09-30 07:53:00,C00143
T001782,2026-03-15,100,226.07,2026-01-29 17:31:00,C00408
T001735,2025-10-22,LOGE,328.95,2025-08-23 19:21:00,C00492
T001258,2025-12-13,200,117.32,2025-12-02 05:40:00,C00005
T001774,2026-03-23,COURTSIDE,1281.2,2026-03-05 16:50:00,C00599
T000591,2025-11-27,100,196.33,2025-10-18 15:37:00,C00303
T000347,2025-12-09,200,82.37,2025-11-06 08:04:00,C00511
T001625,2026-01-02,LOGE,392.9,2025-12-20 14:44:00,C00493
T001131,2025-10-26,LOGE,212.75,2025-09-15 23:59:00,C00039
T000997,2026-02-03,100,247.7,2025-12-04 09:55:00,C00228
T000561,2025-10-30,LOGE,229.39,2025-10-14 09:48:00,C00328
T001617,2026-01-10,100,180.94,2025-12-14 01:53:00,C00296
T000243,2026-02-07,100,141.74,2025-12-25 03:46:00,C00499
T000340,2026-01-06,LOGE,196.05,2026-01-02 18:37:00,C00451
T000584,2025-10-22,100,232.01,2025-10-07 19:33:00,C00203
T000712,2025-11-23,100,256.96,2025-09-29 18:34:00,C00107
T000204,2026-02-03,100,118.06,2025-12-04 22:44:00,C00312
T001328,2025-10-30,COURTSIDE,2286.31,2025-09-07 07:14:00,C00483
T001604,2026-02-07,100,133.35,2026-01-31 11:50:00,C00332
T001064,2025-12-17,200,55.78,2025-10-20 02:57:00,C00265
T000882,2026-02-03,LOGE,366.76,2026-01-29 21:18:00,C00166
T001444,2026-03-03,LOGE,309.41,2026-01-28 10:32:00,C00271
T001305,2026-03-31,LOGE,,2026-02-12 02:37:00,C00062
T001276,2025-12-05,LOGE,313.01,2025-11-14 18:48:00,C00311
T000366,2025-11-27,LOGE,331.91,2025-10-31 06:53:00,C00483
T000653,2025-11-03,200,49.92,2025-09-18 06:43:00,C00414
T001421,2026-01-22,LOGE,259.34,2025-12-10 15:38:00,C00156
T000662,2026-02-19,200,93.55,2026-01-11 23:43:00,C00230
T000585,2026-01-30,COURTSIDE,1998.06,2025-11-30 02:00:00,C00087
T001910,2025-11-03,COURTSIDE,1032.74,2025-10-24 02:36:00,C00024
T001253,2025-11-07,COURTSIDE,1968.14,2025-09-19 20:43:00,C00127
T001799,2025-12-05,200,87.72,2025-10-05 17:51:00,C00289
T001784,2026-03-11,LOGE,268.19,2026-02-21 16:57:00,C00189
T000099,2025-11-03,200,107.47,2025-10-09 04:04:00,C00021
T001394,2025-12-09,100,144.65,2025-11-09 18:57:00,C00486
T001580,2026-03-15,LOGE,281.25,2026-02-06 22:40:00,C00094
T000609,2026-02-07,LOGE,322.82,2026-01-26 04:50:00,C00366
T001569,2026-01-26,200,80.61,2026-01-04 04:34:00,C00463
T001899,2025-10-22,100,120.31,2025-09-28 06:18:00,C00326
T001766,2026-01-26,LOGE,295.49,2025-12-12 02:23:00,C00237
T001042,2026-03-31,200,87.82,2026-03-06 17:37:00,C00120
T000362,2026-03-31,100,193.49,2026-03-14 01:38:00,C00593
T001499,2025-12-25,200,111.08,2025-11-08 14:39:00,C00197
T000657,2025-10-26,200,72.94,2025-09-17 08:47:00,C00182
T001412,2026-03-11,200,81.48,2026-02-17 11:53:00,C00048
T000929,2026-01-26,200,111.22,2025-12-17 11:35:00,C00245
T000758,2026-02-23,COURTSIDE,1016.61,2026-01-08 13:10:00,C00539
T000016,2025-10-30,COURTSIDE,1541.86,2025-10-25 16:48:00,C00581
T000312,2026-01-18,LOGE,189.32,2025-11-23 11:58:00,C00446
T000172,2026-01-10,LOGE,335.15,2025-11-19 11:00:00,C00396
T001044,2026-02-23,200,72.87,2025-12-31 13:41:00,C00222
T000376,2025-12-29,COURTSIDE,1119.64,2025-11-19 03:59:00,C00246
T000276,2026-01-02,100,178.77,2025-11-28 06:02:00,C00039
T000978,2025-12-17,LOGE,291.88,2025-11-01 20:37:00,C00324
T001850,2025-11-27,100,191.88,2025-11-02 07:44:00,C00039
T000893,2026-02-11,200,117.72,2025-12-28 05:36:00,
T000922,2025-11-15,200,81.59,2025-10-25 04:57:00,C00356
T000838,2025-11-11,100,214.54,2025-09-12 10:20:00,C00534
T001203,2025-12-09,100,98.64,2025-10-18 16:05:00,C00533
T001816,2026-03-27,COURTSIDE,1457.42,2026-03-20 14:45:00,C00512
T000152,2026-03-19,100,259.93,2026-02-03 14:49:00,C00591
T001749,2025-11-27,COURTSIDE,1261.75,2025-11-01 11:14:00,C00307
T001707,2026-03-15,200,93.95,2026-03-09 04:49:00,C00263
T001153,2026-02-03,200,97.22,2025-12-29 18:23:00,C00450
T000690,2026-01-02,LOGE,340.12,2025-11-24 06:07:00,C00346
T000244,2026-03-03,COURTSIDE,972.67,2026-02-05 03:33:00,C00057
T001224,2026-02-11,100,130.59,2025-12-16 08:51:00,C00426
T001613,2025-10-26,100,145.96,2025-09-08 09:23:00,C00250
T001141,2026-01-26,100,225.8,2025-12-15 13:30:00,C00512
T000824,2026-02-07,200,115.38,2026-01-07 11:00:00,C00359
T000262,2026-01-22,COURTSIDE,1022.77,2025-11-27 20:56:00,C00520
T001161,2026-03-03,100,197.12,2026-01-06 05:35:00,C00520
T000865,2026-01-30,200,79.29,2026-01-22 00:10:00,C00531
T001387,2026-01-14,200,60.83,2026-01-08 03:23:00,C00266
T001085,2026-03-07,200,94.69,2026-02-04 19:16:00,C00193
T001055,2026-02-27,100,129.09,2026-02-04 05:15:00,C00327
T000272,2025-11-23,100,146.08,2025-10-29 02:03:00,C00337
T001579,2025-11-07,LOGE,313.07,2025-10-22 06:04:00,C00337
T001178,2026-02-15,COURTSIDE,923.21,2026-01-18 15:35:00,C00254
T001883,2026-03-03,100,258.06,2026-01-01 19:43:00,C00461
T001553,2026-02-11,200,64.92,2026-02-06 11:45:00,C00085
T001438,2026-02-11,COURTSIDE,1815.9,2026-02-10 08:32:00,C00348
T000259,2026-03-31,COURTSIDE,1141.53,2026-03-26 08:00:00,C00453
T001634,2026-02-03,100,258.76,2026-01-26 10:52:00,C00580
T000963,2026-01-30,COURTSIDE,1036.13,2025-12-28 09:11:00,C00134
T001136,2026-03-31,100,155.28,2026-02-04 12:24:00,C00083
T000540,2025-12-21,COURTSIDE,1931.39,2025-12-05 05:07:00,C00292
T001202,2026-01-18,LOGE,277.65,2025-12-07 23:17:00,C00299
T001901,2026-01-30,200,91.22,2026-01-04 22:15:00,C00592
T000342,2026-01-10,COURTSIDE,2074.72,2025-11-15 12:13:00,C00409
T001966,2026-02-27,COURTSIDE,985.05,2026-02-09 11:23:00,C00101
T001435,2026-03-07,COURTSIDE,1286.14,2026-01-16 13:38:00,C00433
T001325,2025-11-19,200,109.32,2025-10-25 23:44:00,C00403
T000406,2026-02-03,200,102.67,2025-12-15 02:07:00,C00431
T001013,2026-01-06,COURTSIDE,2068.26,2025-12-08 14:09:00,C00186
T001767,2025-12-17,COURTSIDE,1581.72,2025-12-13 06:36:00,C00438
T001833,2026-03-15,LOGE,212.94,2026-03-03 07:58:00,C00144
T001035,2026-01-14,LOGE,339.37,2025-12-05 23:01:00,C00180
T001991,2025-12-29,COURTSIDE,1204.92,2025-11-21 06:15:00,C00352
T001335,2026-02-11,LOGE,372.17,2026-02-02 15:07:00,C00178
T000167,2025-11-23,100,140.58,2025-10-03 09:51:00,C00349
T001524,2026-02-07,COURTSIDE,1212.65,2026-01-25 02:09:00,C00207
T000643,2026-02-03,100,163.38,2026-01-24 04:40:00,C00597
T000700,2026-03-27,100,141.65,2026-02-04 20:23:00,C00510
T000588,2025-10-30,LOGE,191.14,2025-08-31 04:25:00,C00444
T001878,2025-12-09,COURTSIDE,2407.11,2025-11-08 07:47:00,C00549
T001527,2026-02-03,COURTSIDE,1159.65,2026-01-04 22:34:00,C00508
T000835,2025-12-13,LOGE,352.94,2025-10-22 05:13:00,C00054
T000502,2026-03-15,LOGE,273.07,2026-02-11 02:19:00,C00551
T001102,2025-11-03,COURTSIDE,2194.23,2025-09-24 23:05:00,C00294
T001532,2026-02-11,200,92.35,2025-12-14 11:43:00,C00045
T001167,2025-12-01,100,175.04,2025-11-23 21:35:00,C00241
T000471,2026-03-27,LOGE,356.9,2026-03-05 08:59:00,C00343
T000858,2025-12-17,200,107.62,2025-10-24 02:54:00,C00365
T000920,2025-12-21,200,82.49,2025-11-07 02:54:00,C00347
T000472,2026-02-07,200,67.53,2025-12-30 00:17:00,C00206
T000992,2025-11-27,200,53.01,2025-11-15 23:07:00,C00274
T001212,2026-03-07,COURTSIDE,1094.38,2026-03-05 10:12:00,C00512
T001812,2025-11-19,LOGE,217.3,2025-11-11 16:21:00,C00105
T001892,2025-11-15,100,202.19,2025-10-06 09:58:00,C00107
T001148,2026-02-15,200,107.65,2026-02-10 20:23:00,C00117
T001521,2026-01-06,200,56.06,2025-12-17 03:25:00,C00352
T000164,2025-11-19,200,82.38,2025-10-04 14:03:00,C00522
T001220,2025-10-26,100,183.84,2025-09-27 00:54:00,C00090
T000840,2026-02-11,100,128.28,2025-12-30 06:19:00,C00293
T000912,2025-12-25,LOGE,362.22,2025-12-17 15:31:00,C00395
T000494,2025-10-26,200,78.72,2025-09-28 10:44:00,C00005
T001526,2026-03-23,COURTSIDE,2263.21,2026-02-14 12:33:00,C00307
T000645,2026-01-18,LOGE,238.11,2025-12-07 07:26:00,C00586
T000934,2025-12-09,100,175.09,2025-12-02 22:55:00,C00585
T001800,2025-10-26,COURTSIDE,1160.67,2025-10-14 10:33:00,C00193
T000742,2025-11-23,200,82.79,2025-10-09 02:16:00,C00331
T000498,2026-03-27,LOGE,309.14,2026-03-04 12:00:00,C00469
T000674,2026-01-06,200,108.05,2025-11-10 04:57:00,C00186
T000500,2025-11-23,COURTSIDE,1088.58,2025-11-03 20:01:00,C00188
T001973,2026-02-23,200,57.83,2026-02-09 12:09:00,C00295
T001614,2026-03-27,100,104.89,2026-03-03 06:59:00,C00304
T000400,2026-03-03,LOGE,205.57,2026-02-17 04:06:00,C00501
T000552,2025-12-21,100,247.56,2025-12-13 08:32:00,C00057
T001702,2026-03-15,200,52.46,2026-03-10 05:40:00,C00190
T000904,2026-02-03,200,109.01,2026-01-22 19:21:00,C00297
T001066,2026-01-10,LOGE,287.25,2026-01-05 07:47:00,C00116
T001075,2025-11-07,100,208.11,2025-09-29 11:04:00,C00336
T000968,2026-01-06,200,119.07,2025-11-27 08:55:00,C00150
T002000,2025-12-09,LOGE,308.75,2025-12-03 14:05:00,C00225
T001081,2026-01-30,200,108.94,2026-01-26 11:24:00,C00563
T001939,2026-03-19,LOGE,232.01,2026-03-17 14:17:00,C00019
T001104,2025-11-23,COURTSIDE,1340.35,2025-11-06 23:31:00,C00115
T000857,2025-12-09,200,100.16,2025-10-14 14:57:00,C00212
T001123,2025-12-05,100,209.78,2025-11-18 13:57:00,C00479
T001177,2026-02-03,LOGE,369.68,2026-01-20 03:49:00,C00485
T000945,2026-01-14,200,85.04,2025-12-06 08:53:00,C00361
T001158,2026-02-11,LOGE,232.64,2026-01-30 03:10:00,C00039
T001414,2026-03-23,100,211.56,2026-01-22 09:04:00,C00469
T001286,2026-01-02,COURTSIDE,998.28,2025-11-25 22:28:00,C00132
T001451,2026-02-23,100,225.55,2026-02-13 03:53:00,C00432
T001377,2026-02-07,LOGE,200.45,2026-01-05 12:21:00,C00475
T001362,2026-02-27,COURTSIDE,1801.2,2026-01-15 04:01:00,C00218
T001597,2025-12-13,LOGE,333.28,2025-10-20 02:20:00,C00536
T001602,2025-12-01,200,48.3,2025-10-29 20:20:00,C00335
T000776,2026-01-06,100,141.45,2025-11-07 09:04:00,C00391
T000441,2026-03-27,LOGE,325.04,2026-03-25 23:47:00,C00545
T000705,2025-11-15,COURTSIDE,1930.94,2025-10-16 13:54:00,C00271
T001191,2026-02-15,100,155.32,2026-02-03 01:53:00,C00573
T001041,2025-11-07,200,66.03,2025-11-05 12:26:00,C00385
T001916,2026-03-31,LOGE,357.88,2026-03-19 13:49:00,C00011
T001603,2026-01-10,200,91.85,2025-11-11 05:31:00,C00405
T000434,2026-03-19,LOGE,244.94,2026-03-06 12:45:00,C00236
T001248,2025-12-05,COURTSIDE,946.02,2025-10-13 19:58:00,C00228
T001741,2025-11-19,COURTSIDE,2362.47,2025-11-03 05:36:00,C00121
T000053,2025-12-21,COURTSIDE,1533.26,2025-11-08 01:59:00,C00308
T001542,2026-03-31,COURTSIDE,2296.56,2026-02-04 06:40:00,C00599
T000308,2026-02-23,LOGE,260.82,2026-01-02 06:17:00,C00274
T001946,2025-11-15,COURTSIDE,2278.22,2025-09-29 09:08:00,C00232
T001296,2025-12-09,LOGE,319.8,2025-10-19 21:26:00,C00549
T000755,2025-12-25,200,57.07,2025-10-31 15:18:00,C00006
T000329,2025-11-07,200,117.93,2025-09-26 21:29:00,C00461
T000064,2026-03-11,100,113.46,2026-01-09 00:25:00,C00153
T000603,2026-01-06,200,81.78,2025-12-31 22:05:00,C00239
T000964,2025-11-23,LOGE,303.05,2025-10-22 10:31:00,C00586
T000768,2025-10-22,100,129.78,2025-09-11 16:44:00,C00435
T001669,2025-11-15,LOGE,398.54,2025-11-13 18:32:00,C00335
T000687,2026-01-10,200,46.34,2026-01-09 02:37:00,C00255
T000738,2025-12-29,LOGE,391.99,2025-12-10 08:33:00,C00137
T001244,2025-12-01,100,130.95,2025-10-29 16:28:00,C00193
T000669,2026-01-06,200,56.24,2025-11-18 15:48:00,C00059
T001894,2026-01-02,LOGE,226.61,2025-11-13 08:29:00,C00565
T000294,2025-11-07,100,233.05,2025-10-06 03:38:00,C00549
T000580,2026-01-06,100,130.48,2025-11-12 12:49:00,C00152
T000874,2026-03-07,COURTSIDE,2156.53,2026-02-15 15:27:00,C00576
T000147,2026-02-07,100,184.85,2025-12-27 18:55:00,C00273
T000852,2026-03-31,200,95.77,2026-03-16 13:14:00,C00423
T000761,2026-01-14,COURTSIDE,1369.72,2025-11-14 02:54:00,C00544
T001655,2026-03-23,COURTSIDE,2391.41,2026-02-20 12:30:00,C00440
T000668,2026-01-14,COURTSIDE,1924.95,2025-11-19 14:33:00,C00268
T000418,2025-12-17,LOGE,246.11,2025-12-13 05:00:00,C00180
T000486,2025-11-27,COURTSIDE,2496.32,2025-10-27 20:26:00,C00303
T001318,2026-01-10,COURTSIDE,2231.73,2025-11-23 10:42:00,C00242
T001935,2025-12-13,100,187.56,2025-10-28 03:16:00,C00077
T000232,2026-02-27,200,56.6,2026-01-27 16:21:00,C00111
T001485,2025-12-21,COURTSIDE,1446.61,2025-11-21 03:33:00,C00337
T001765,2025-11-27,LOGE,183.89,2025-11-14 20:54:00,C00053
T000159,2026-02-15,LOGE,191.92,2026-01-12 11:40:00,C00511
T001389,2025-10-22,200,94.19,2025-09-22 00:24:00,C00415
T001494,2025-11-11,COURTSIDE,2193.46,2025-10-27 16:01:00,C00506
T000481,2026-03-07,LOGE,299.6,2026-01-15 11:44:00,C00550
T001230,2025-12-05,LOGE,243.68,2025-11-03 22:34:00,C00310
T000092,2025-11-23,LOGE,326.87,2025-10-18 03:41:00,C00325
T001107,2025-12-05,100,151.57,2025-11-29 19:03:00,C00158
T000724,2026-02-23,LOGE,249.53,2026-01-22 01:42:00,C00019
T000034,2025-10-26,200,89.13,2025-10-25 21:35:00,C00061
T000528,2025-11-23,COURTSIDE,1154.36,2025-09-24 14:39:00,C00096
T001761,2025-11-19,COURTSIDE,2490.81,2025-11-03 01:16:00,C00440
T001940,2026-03-15,100,245.42,2026-02-24 19:32:00,C00413
T001550,2026-01-02,LOGE,294.14,2025-12-18 04:05:00,C00043
T001388,2025-11-15,LOGE,297.56,2025-11-14 10:32:00,C00120
T001561,2026-03-03,LOGE,338.95,2026-02-01 12:23:00,C00088
T000650,2025-12-17,200,67.54,2025-10-30 08:53:00,C00329
T001188,2025-10-30,COURTSIDE,1581.44,2025-10-12 00:11:00,C00556
T001530,2025-12-13,LOGE,220.53,2025-12-12 11:37:00,C00011
T001038,2026-03-07,COURTSIDE,1639.95,2026-01-13 09:53:00,C00058
T001411,2025-11-07,COURTSIDE,1588.99,2025-09-28 16:16:00,C00124
T000079,2026-01-22,LOGE,195.39,2025-12-10 12:44:00,C00322
T001775,2026-01-26,100,241.39,2026-01-17 02:31:00,C00124
T000477,2025-10-26,LOGE,387.45,2025-10-12 09:03:00,C00299
T000102,2026-02-23,200,65.47,2026-01-22 23:01:00,C00399
T001266,2025-11-07,LOGE,386.6,2025-10-14 17:53:00,C00014
T000301,2025-10-30,COURTSIDE,1773.62,2025-09-07 02:04:00,C00180
T001795,2025-11-15,LOGE,388.04,2025-10-29 02:38:00,C00565
T001291,2026-01-10,100,171.05,2025-11-15 09:35:00,C00582
T001511,2026-01-26,COURTSIDE,2324.13,2025-12-12 21:47:00,C00131
T001638,2025-11-27,COURTSIDE,1868.7,2025-09-27 00:46:00,C00151
T001477,2025-12-01,200,85.32,2025-11-03 05:04:00,C00463
T000532,2025-11-07,200,89.53,2025-10-04 00:48:00,C00456
T000566,2026-01-06,200,79.79,2025-11-29 07:10:00,C00201
T000529,2026-01-22,COURTSIDE,1031.87,2025-12-10 01:52:00,C00170
T000369,2026-01-14,COURTSIDE,1981.39,2025-11-19 00:46:00,C00271
T000903,2026-03-03,COURTSIDE,1355.48,2026-01-14 05:51:00,C00276
T001723,2025-11-15,100,124.0,2025-09-29 13:33:00,C00502
T001662,2026-03-31,COURTSIDE,2297.5,2026-02-07 12:54:00,C00455
T001933,2025-10-22,COURTSIDE,1242.04,2025-09-15 13:02:00,C00239
T001577,2026-02-19,200,90.28,2025-12-20 13:25:00,C00208
T000567,2026-03-07,200,56.29,2026-01-06 10:01:00,C00025
T000163,2026-03-11,LOGE,200.51,2026-01-16 20:08:00,C00473
T001187,2026-03-31,100,158.51,2026-02-14 12:39:00,C00544
T000120,2026-02-19,LOGE,275.83,2026-01-03 03:47:00,C00275
T000837,2026-02-19,LOGE,199.39,2026-02-02 16:26:00,C00380
T000447,2026-01-06,100,202.87,2025-11-12 01:50:00,C00033
T001752,2026-01-18,200,53.3,2025-12-30 22:38:00,C00137
T001307,2026-01-06,LOGE,270.26,2025-11-11 21:49:00,C00209
T001852,2025-12-17,200,,2025-11-05 19:12:00,C00165
T000735,2025-10-22,100,186.28,2025-09-24 04:02:00,C00495
T000076,2025-12-25,100,112.89,2025-11-27 12:13:00,C00322
T000176,2025-12-25,COURTSIDE,1897.22,2025-11-29 01:50:00,C00083
T001809,2026-01-02,100,179.4,2025-11-09 09:50:00,C00146
T000901,2026-01-30,200,57.25,2025-12-13 01:58:00,C00400
T000036,2026-02-27,200,65.89,2026-01-26 16:42:00,C00553
T001964,2026-02-11,COURTSIDE,1324.93,2025-12-13 05:13:00,C00087
T001790,2025-11-03,200,119.22,2025-10-20 05:46:00,C00119
T000367,2025-11-03,200,83.9,2025-09-28 12:55:00,C00490
T000542,2026-01-30,COURTSIDE,1933.87,2025-12-10 15:50:00,C00507
T001708,2025-10-30,100,256.69,2025-09-27 13:49:00,C00373
T001165,2026-01-22,COURTSIDE,1235.34,2026-01-05 12:36:00,C00465
T000629,2025-11-11,LOGE,365.63,2025-10-22 10:26:00,C00483
T000255,2026-03-03,200,112.94,2026-02-08 12:01:00,C00152
T000026,2025-11-15,COURTSIDE,2246.67,2025-10-13 03:13:00,C00204
T001544,2025-12-01,LOGE,345.29,2025-10-20 06:38:00,C00384
T001599,2025-11-03,LOGE,348.77,2025-09-04 15:29:00,C00384
T000514,2026-03-27,LOGE,216.52,2026-03-18 16:57:00,C00212
T001351,2026-01-22,200,117.6,2025-12-17 22:36:00,C00595
T000551,2026-01-06,LOGE,340.59,2025-11-12 15:52:00,C00060
T000741,2025-12-09,200,91.81,2025-11-20 00:34:00,C00354
T001371,2025-11-11,LOGE,236.14,2025-10-26 10:24:00,C00092
T001523,2025-11-03,200,83.03,2025-09-10 04:55:00,C00056
T000080,2025-11-19,COURTSIDE,1711.4,2025-10-07 10:04:00,C00335
T000809,2025-12-05,200,72.17,2025-10-20 19:58:00,C00236
T001170,2025-12-09,LOGE,376.1,2025-12-04 07:56:00,C00600
T000692,2025-12-09,200,116.11,2025-10-11 10:14:00,C00020
T000606,2025-11-03,100,119.37,2025-09-18 19:10:00,C00114
T001112,2026-01-26,LOGE,284.41,2026-01-16 05:54:00,C00446
T001504,2026-02-03,LOGE,249.57,2026-01-08 17:22:00,C00343
T000176,2025-12-25,COURTSIDE,1897.22,2025-11-29 01:50:00,C00083
T000562,2025-12-29,100,189.3,2025-12-21 06:52:00,C00054
T000575,2025-12-25,COURTSIDE,2381.67,2025-11-29 00:05:00,C00335
T000032,2025-12-13,200,98.47,2025-11-17 01:05:00,C00383
T000271,2026-01-18,COURTSIDE,2448.31,2025-12-04 01:24:00,C00402
T001516,2026-01-14,100,169.92,2025-12-23 03:57:00,C00198
T000958,2026-03-31,LOGE,191.91,2026-02-25 22:36:00,C00327
T000781,2026-02-03,200,57.07,2026-01-19 02:57:00,C00259
T000333,2026-01-18,COURTSIDE,2253.49,2026-01-01 17:18:00,C00565
T000533,2025-10-22,100,209.77,2025-08-30 19:54:00,C00433
T001063,2025-11-15,LOGE,248.29,2025-10-04 08:07:00,C00482
T001508,2025-12-25,200,53.09,2025-12-09 12:23:00,C00056
T001173,2025-12-29,200,70.19,2025-12-26 00:23:00,C00583
T000869,2026-01-22,200,82.41,2026-01-08 09:42:00,C00382
T000950,2025-10-22,COURTSIDE,2475.03,2025-10-08 13:16:00,C00023
T001096,2025-12-21,LOGE,318.75,2025-11-08 01:11:00,C00080
T000589,2026-01-30,LOGE,186.49,2025-12-17 09:27:00,C00177
T000795,2025-10-30,COURTSIDE,1769.55,2025-09-25 07:54:00,C00153
T001134,2025-12-17,100,158.43,2025-11-02 07:33:00,C00125
T000224,2026-02-15,LOGE,201.82,2026-01-01 20:06:00,C00565
T001732,2026-01-06,100,251.33,2025-12-10 13:20:00,C00093
T001644,2026-03-31,COURTSIDE,2202.76,2026-03-13 16:51:00,C00408
T001688,2026-01-30,LOGE,195.8,2025-12-14 14:21:00,C00290
T001273,2026-02-27,COURTSIDE,1135.8,2026-01-28 20:19:00,C00126
T000699,2025-12-29,200,76.41,2025-11-01 20:26:00,C00524
T001997,2025-11-03,LOGE,247.28,2025-10-06 11:59:00,C00001
T000444,2025-12-05,100,246.48,2025-11-01 18:56:00,C00247
T001211,2026-01-10,COURTSIDE,1136.71,2025-12-12 05:35:00,C00167
T000538,2026-03-27,LOGE,369.19,2026-03-21 20:35:00,C00144
T000689,2026-03-19,COURTSIDE,1167.23,2026-01-25 22:27:00,C00306
T001247,2025-11-23,LOGE,375.74,2025-10-15 06:09:00,C00351
T001971,2025-12-29,200,49.94,2025-12-22 14:36:00,C00232
T001755,2026-02-23,LOGE,355.96,2026-01-08 19:40:00,C00333
T001110,2025-12-25,100,103.67,2025-11-25 10:24:00,C00488
T000065,2026-03-07,100,232.71,2026-01-28 05:09:00,C00152
T001446,2026-02-03,200,55.83,2026-01-25 07:28:00,C00469
T001353,2025-11-23,100,147.36,2025-10-20 09:14:00,C00146
T000108,2025-11-11,LOGE,184.26,2025-10-07 22:14:00,C00359
T001091,2026-01-26,COURTSIDE,1261.19,2025-12-29 03:22:00,C00008
T000883,2026-01-14,200,68.51,2025-12-03 14:04:00,C00274
T001352,2025-12-05,COURTSIDE,1171.79,2025-11-03 12:26:00,C00480
T000378,2025-11-03,100,163.19,2025-09-18 07:53:00,C00103
T001543,2026-02-23,200,99.55,2026-01-03 07:57:00,C00067
T001478,2025-10-30,100,229.09,2025-09-06 02:49:00,C00297
T000460,2025-11-07,100,139.22,2025-10-13 02:22:00,C00158
T000091,2026-02-15,100,186.97,2025-12-18 19:52:00,C00468
T000910,2025-10-30,COURTSIDE,1028.36,2025-09-11 19:01:00,C00058
T000788,2026-01-22,COURTSIDE,2433.85,2026-01-11 23:51:00,C00321
T000784,2025-12-25,100,127.57,2025-11-17 07:23:00,C00339
T000039,2026-02-15,100,206.11,2026-01-04 20:39:00,C00063
T001925,2026-01-30,100,191.3,2025-12-11 03:57:00,C00320
T001427,2026-03-15,100,256.33,2026-01-28 01:28:00,C00533
T001249,2025-11-23,200,96.6,2025-11-03 19:44:00,C00215
T000572,2026-01-22,LOGE,394.4,2026-01-16 04:11:00,C00098
T000123,2025-10-26,LOGE,367.21,2025-10-14 07:22:00,C00218
T001956,2025-11-07,LOGE,193.26,2025-11-06 01:07:00,C00222
T000616,2025-11-07,COURTSIDE,1310.65,2025-10-31 23:58:00,C00050
T001726,2025-12-05,COURTSIDE,2189.74,2025-10-22 05:52:00,C00565
T001205,2026-02-23,LOGE,280.76,2026-01-17 19:30:00,C00314
T000570,2025-12-13,200,76.49,2025-12-09 19:09:00,C00287
T001954,2025-12-17,100,138.53,2025-11-28 21:11:00,C00362
T001823,2026-03-07,LOGE,297.14,2026-01-13 16:09:00,C00394
T001632,2025-10-22,COURTSIDE,1686.33,2025-08-23 09:49:00,C00405
T001549,2025-12-01,COURTSIDE,1307.25,2025-11-25 19:25:00,C00087
T000234,2026-02-07,100,195.48,2025-12-26 00:20:00,C00274
T000930,2026-01-10,100,203.62,2025-12-06 10:47:00,C00195
T001555,2025-11-19,100,154.44,2025-10-15 17:10:00,C00342
T000902,2026-01-26,200,64.72,2025-12-29 02:40:00,C00246
T001893,2026-02-23,100,199.53,2026-01-21 04:10:00,C00034
T001882,2026-02-23,COURTSIDE,1081.77,2026-01-10 10:08:00,C00270
T000074,2026-02-27,LOGE,329.49,2026-01-04 05:42:00,C00340
T001864,2025-10-30,100,217.27,2025-10-14 00:07:00,C00575
T000763,2026-03-27,200,116.92,2026-02-11 13:03:00,C00391
T000252,2026-01-22,100,167.06,2026-01-15 15:42:00,C00447
T001802,2025-11-15,200,99.51,2025-09-24 23:36:00,C00103
T001133,2025-10-22,LOGE,285.19,2025-09-26 21:37:00,C00554
T000625,2026-01-02,COURTSIDE,1280.08,2025-12-29 10:36:00,C00586
T001631,2025-11-23,LOGE,223.06,2025-09-25 17:32:00,C00005
T001067,2026-01-18,LOGE,281.47,2026-01-07 14:22:00,C00357
T000281,2026-01-22,LOGE,281.57,2026-01-03 10:58:00,C00515
T001676,2026-03-15,COURTSIDE,1103.87,2026-02-22 11:02:00,C00591
T001839,2025-11-23,200,75.03,2025-11-19 16:32:00,C00402
T000573,2026-02-27,200,92.79,2026-02-01 21:27:00,C00582
T000996,2026-02-23,LOGE,210.25,2026-02-10 16:17:00,C00034
T001274,2025-12-25,LOGE,289.4,2025-11-14 19:25:00,C00031
T001476,2026-03-31,200,103.72,2026-03-21 11:16:00,C00554
T000842,2026-03-27,200,95.55,2026-03-03 15:51:00,C00001
T000710,2025-12-05,100,161.13,2025-11-05 14:44:00,C00395
T000111,2025-11-23,LOGE,327.28,2025-10-17 16:34:00,C00477
T001560,2025-12-17,200,99.25,2025-12-03 07:49:00,C00240
T000770,2025-11-27,100,170.77,2025-11-05 22:43:00,C00090
T001109,2026-03-31,200,60.81,2026-02-12 12:14:00,C00056
T001785,2025-10-22,200,87.89,2025-09-14 00:14:00,C00010
T000654,2025-11-23,100,123.67,2025-09-27 17:09:00,C00060
T000548,2026-03-31,LOGE,273.19,2026-03-05 21:12:00,C00550
T000895,2026-03-03,COURTSIDE,2354.28,2026-01-31 05:35:00,C00233
T001491,2026-01-26,200,107.94,2025-12-05 00:13:00,C00009
T001339,2025-11-11,LOGE,223.62,2025-09-27 18:15:00,C00051
T000600,2026-01-26,COURTSIDE,2396.33,2025-12-02 18:05:00,C00181
T001566,2026-03-07,COURTSIDE,1421.73,2026-03-05 04:38:00,C00033
T000752,2025-12-17,COURTSIDE,2108.17,2025-11-12 03:25:00,C00202
T001985,2025-11-19,COURTSIDE,1997.25,2025-10-03 02:10:00,C00022
T001461,2026-03-15,100,252.95,2026-02-09 17:33:00,C00488
T001891,2026-03-31,COURTSIDE,2023.35,2026-01-29 20:37:00,C00090
T000452,2026-03-07,100,124.59,2026-01-11 13:16:00,C00017
T000732,2025-11-19,LOGE,227.43,2025-09-27 17:30:00,C00347
T001445,2026-03-19,LOGE,320.02,2026-02-18 00:29:00,C00502
T001014,2025-11-19,200,117.03,2025-11-18 02:45:00,C00260
T000422,2026-01-06,200,105.43,2025-11-08 22:02:00,C00576
T001114,2026-03-03,100,111.07,2026-01-27 02:15:00,C00363
T001720,2025-11-19,100,207.86,2025-10-23 21:45:00,C00338
T001502,2025-12-29,100,207.23,2025-11-29 07:06:00,C00371
T000158,2025-11-19,LOGE,370.28,2025-09-27 23:58:00,C00556
T001345,2026-01-02,COURTSIDE,1276.78,2025-12-04 15:32:00,C00379
T000251,2026-01-30,100,254.42,2026-01-19 02:55:00,C00472
T001861,2025-11-19,LOGE,188.71,2025-09-25 14:13:00,C00411
T001565,2026-01-18,COURTSIDE,1260.79,2025-12-21 00:36:00,C00414
T000815,2026-03-31,100,239.95,2026-02-12 01:25:00,C00291
T001242,2026-01-22,100,183.18,2025-12-30 19:06:00,C00014
T001714,2025-11-23,200,89.38,2025-11-05 19:37:00,C00433
T000599,2025-12-29,100,221.07,2025-10-29 16:31:00,C00590
T000501,2026-01-22,200,83.31,2025-12-26 03:39:00,C00142
T001342,2026-02-23,100,132.04,2026-02-09 17:30:00,C00273
T001234,2025-10-26,100,221.18,2025-09-24 21:44:00,C00371
T000717,2026-03-15,200,118.34,2026-01-31 12:28:00,C00532
T000644,2025-11-15,100,187.84,2025-11-08 14:15:00,C00549
T000090,2025-11-15,LOGE,228.15,2025-09-24 00:15:00,C00531
T000579,2026-01-06,LOGE,238.3,2025-12-29 20:55:00,C00162
T001768,2025-11-03,COURTSIDE,1076.09,2025-10-10 14:26:00,C00360
T001645,2026-01-06,100,257.86,2025-11-14 07:13:00,C00002
T000260,2026-03-31,COURTSIDE,2174.13,2026-02-21 22:05:00,C00361
T001670,2026-01-26,COURTSIDE,1252.6,2026-01-09 01:17:00,C00488
T000157,2026-03-11,100,170.05,2026-02-18 15:24:00,C00332
T001606,2025-12-13,LOGE,228.42,2025-10-31 14:30:00,C00378
T000512,2026-01-06,100,169.21,2025-12-14 21:02:00,C00450
T001475,2025-12-21,200,67.85,2025-11-24 08:47:00,C00086
T000031,2026-02-19,200,64.88,2025-12-25 03:18:00,C00434
T000094,2026-02-19,LOGE,237.02,2026-02-03 02:15:00,C00284
T001668,2026-03-07,200,63.25,2026-02-24 01:29:00,C00092
T001099,2026-01-14,LOGE,257.64,2025-11-23 13:57:00,C00297
T000846,2026-01-18,COURTSIDE,1262.07,2026-01-05 08:29:00,C00414
T000466,2025-12-21,200,96.4,2025-12-10 19:16:00,C00276
T000021,2026-03-31,200,104.41,2026-03-03 03:39:00,C00066
T001757,2025-11-27,COURTSIDE,1700.0,2025-10-08 00:39:00,C00243
T000189,2026-03-15,COURTSIDE,2488.31,2026-02-24 23:16:00,C00406
T000476,2026-03-15,200,89.42,2026-02-08 17:52:00,C00564
T000488,2026-01-06,COURTSIDE,1628.53,2025-12-23 06:13:00,C00495
T000119,2026-02-07,200,100.03,2025-12-27 14:47:00,C00552
T000895,2026-03-03,COURTSIDE,2354.28,2026-01-31 05:35:00,C00233
T000703,2025-12-13,LOGE,252.73,2025-12-12 23:34:00,C00092
T000397,2025-12-13,200,96.03,2025-11-04 21:13:00,C00539
T001993,2026-01-02,100,254.96,2025-12-01 00:37:00,C00151
T000754,2025-12-05,100,157.24,2025-11-07 14:29:00,C00570
T001261,2026-01-26,LOGE,227.14,2026-01-11 10:06:00,C00116
T001633,2026-01-22,LOGE,287.7,2025-12-11 03:56:00,C00073
T001695,2026-01-14,LOGE,393.34,2025-12-04 10:13:00,C00251
T000237,2025-11-07,200,100.57,2025-11-05 20:53:00,C00544
T001648,2025-12-09,LOGE,220.04,2025-10-09 20:15:00,
T001126,2026-01-26,COURTSIDE,2493.53,2026-01-09 14:58:00,C00183
T000875,2026-03-15,100,160.74,2026-01-29 18:26:00,C00062
T001931,2026-02-07,200,71.83,2026-02-02 16:40:00,C00381
T000881,2026-03-27,COURTSIDE,1642.0,2026-03-17 18:17:00,C00346
T000257,2025-11-07,200,116.35,2025-09-27 07:09:00,C00476
T001425,2025-11-11,COURTSIDE,1403.69,2025-09-22 18:24:00,C00445
T000773,2026-03-31,LOGE,275.27,2026-03-29 10:43:00,C00122
T000793,2025-12-09,COURTSIDE,2073.67,2025-10-29 21:24:00,C00078
T000107,2026-01-26,COURTSIDE,2103.22,2025-12-03 09:37:00,C00259
T000988,2025-12-09,200,68.17,2025-10-24 06:08:00,C00139
T001132,2026-01-26,COURTSIDE,1142.57,2026-01-04 10:39:00,C00589
T000038,2025-11-15,100,203.73,2025-10-23 09:33:00,C00421
T001512,2025-11-03,LOGE,192.05,2025-09-24 02:38:00,C00443
T001401,2026-02-07,COURTSIDE,1785.21,2026-01-20 01:53:00,C00428
T001397,2025-12-09,COURTSIDE,1811.09,2025-10-16 10:38:00,C00053
T000777,2026-01-30,100,173.21,2025-12-26 16:30:00,C00140
T001246,2025-11-23,100,174.12,2025-11-03 00:25:00,C00372
T001615,2025-12-09,200,73.18,2025-10-28 22:43:00,C00244
T000402,2026-02-03,LOGE,304.06,2025-12-29 08:14:00,C00316
T000054,2026-02-15,COURTSIDE,2386.43,2025-12-17 21:32:00,C00010
T001889,2026-01-14,100,247.85,2025-12-15 09:23:00,C00383
T000044,2026-02-03,LOGE,285.9,2025-12-09 10:19:00,C00061
T000467,2026-01-06,COURTSIDE,1689.0,2026-01-01 18:18:00,C00446
T000622,2026-01-14,LOGE,334.99,2025-12-17 01:42:00,C00169
T000979,2026-02-23,100,125.76,2026-01-21 08:23:00,C00575
T000884,2026-03-23,LOGE,239.67,2026-02-22 11:37:00,C00534
T000718,2026-03-03,100,166.42,2026-01-15 15:31:00,C00494
T001332,2026-03-31,LOGE,354.02,2026-03-22 23:54:00,C00411
T001692,2025-10-22,COURTSIDE,2061.53,2025-09-15 20:32:00,C00152
T001040,2026-03-07,100,129.36,2026-01-22 12:41:00,C00363
T001018,2025-12-21,COURTSIDE,1891.63,2025-11-15 16:55:00,C00051
T001574,2026-01-22,100,123.35,2025-11-27 09:59:00,C00401
T000214,2025-11-27,100,140.75,2025-11-17 19:34:00,C00554
T000086,2025-11-11,200,95.46,2025-10-27 17:13:00,C00151
T001482,2025-11-07,COURTSIDE,1043.54,2025-09-23 19:49:00,C00144
T000555,2025-12-01,COURTSIDE,1103.09,2025-10-12 14:50:00,C00121
T001873,2026-02-19,200,49.06,2025-12-25 23:14:00,C00434
T000981,2026-02-23,LOGE,343.77,2026-02-21 12:10:00,C00361
T001130,2025-10-30,100,106.62,2025-09-13 15:27:00,C00457
T000166,2026-03-11,200,73.77,2026-01-11 03:33:00,C00521
T001876,2026-03-03,200,95.22,2026-02-14 17:44:00,C00056
T001934,2026-03-11,100,158.62,2026-01-31 16:46:00,C00540
T001226,2025-11-23,100,118.7,2025-11-03 07:48:00,C00538
T000853,2026-01-18,100,210.64,2026-01-01 15:32:00,C00295
T000145,2026-01-02,100,133.19,2025-11-17 14:21:00,C00465
T000709,2026-02-11,COURTSIDE,2305.56,2026-02-05 11:17:00,C00351
T000073,2026-01-14,COURTSIDE,2282.96,2025-11-25 14:29:00,C00360
T001568,2026-01-30,LOGE,224.93,2026-01-04 21:50:00,C00548
T001440,2025-11-23,LOGE,294.33,2025-11-07 20:25:00,C00336
T001250,2025-11-23,100,165.09,2025-10-05 20:12:00,C00080
T001155,2025-12-01,100,240.14,2025-11-25 23:47:00,
T001716,2026-02-15,100,250.88,2026-01-02 09:29:00,C00147
T001011,2026-01-26,LOGE,189.66,2026-01-15 12:34:00,C00580
T000483,2025-12-01,100,187.93,2025-10-20 00:53:00,C00410
T000128,2026-01-30,200,67.97,2025-12-23 11:25:00,C00485
T001359,2025-11-19,LOGE,188.97,2025-10-27 04:52:00,C00497
T001552,2026-01-22,LOGE,249.74,2025-12-28 23:10:00,C00184
T000676,2025-12-05,COURTSIDE,1947.1,2025-11-20 11:53:00,C00229
T001503,2026-03-03,100,240.83,2026-02-16 22:24:00,C00285
T001121,2026-03-23,200,116.29,2026-02-10 19:51:00,C00123
T001897,2026-01-22,200,83.07,2026-01-04 01:32:00,C00271
T001815,2026-01-14,200,95.96,2026-01-04 01:14:00,C00309
T000122,2025-12-21,LOGE,305.37,2025-11-08 11:04:00,C00345
T001567,2025-11-23,200,118.29,2025-11-01 04:37:00,C00588
T000686,2026-01-26,100,101.22,2026-01-13 11:16:00,C00015
T001854,2026-01-22,LOGE,188.8,2025-12-07 00:42:00,C00397
T000535,2025-11-15,COURTSIDE,1488.1,2025-10-26 19:20:00,C00392
T000864,2026-02-07,LOGE,386.72,2026-02-04 06:51:00,C00356
T000693,2025-12-17,200,99.54,2025-12-08 16:48:00,C00023
T000067,2025-12-13,200,95.02,2025-11-20 04:54:00,C00417
T000062,2026-03-31,LOGE,362.46,2026-03-28 23:53:00,C00342
T001338,2025-10-26,100,247.31,2025-09-14 03:07:00,C00235
T000539,2025-11-19,LOGE,257.34,2025-10-22 13:16:00,C00144
T000965,2025-12-09,200,63.17,2025-11-21 09:20:00,C00332
T001194,2025-12-17,COURTSIDE,1464.34,2025-11-29 06:49:00,C00434
T000228,2025-11-07,100,232.24,2025-11-01 09:16:00,C00099
T001840,2025-12-05,100,229.73,2025-11-05 07:43:00,C00321
T001119,2026-03-03,100,208.11,2026-02-08 16:31:00,C00291
T000117,2026-02-27,COURTSIDE,920.24,2026-01-31 07:17:00,C00109
T001912,2025-11-15,200,66.18,2025-09-18 17:51:00,C00096
T000818,2026-03-27,COURTSIDE,,2026-02-11 12:19:00,C00465
T000640,2026-03-23,COURTSIDE,1411.6,2026-02-04 21:43:00,C00090
T001025,2025-11-23,100,209.61,2025-11-05 12:46:00,C00540
T001252,2025-10-30,100,172.4,2025-09-01 15:22:00,C00045
T001960,2026-02-11,200,103.5,2026-01-29 21:40:00,C00285
T000495,2025-12-13,200,65.88,2025-10-28 21:52:00,C00592
T001179,2026-01-10,LOGE,307.48,2025-11-13 03:49:00,C00153
T001095,2026-03-03,COURTSIDE,1643.9,2026-02-25 06:09:00,C00091
T000154,2025-12-05,LOGE,319.65,2025-11-03 20:54:00,C00482
T000590,2026-01-18,200,113.12,2025-12-31 14:27:00,C00457
T000324,2026-01-06,200,98.39,2025-11-07 00:06:00,C00179
T001776,2025-10-30,200,59.47,2025-10-01 20:38:00,C00077
T001807,2026-01-06,COURTSIDE,1666.25,2025-12-21 22:06:00,C00557
T001441,2026-03-03,200,106.71,2026-02-07 08:30:00,C00101
T001974,2026-03-23,COURTSIDE,2074.21,2026-03-16 17:41:00,C00516
T000515,2025-11-03,COURTSIDE,1751.65,2025-09-25 05:37:00,C00173
T001851,2026-01-02,200,56.37,2025-12-03 21:19:00,C00096
T000459,2025-12-05,LOGE,198.85,2025-10-26 13:56:00,C00253
T000047,2025-11-27,200,67.25,2025-11-23 04:14:00,C00556
T000678,2026-03-19,COURTSIDE,1642.02,2026-03-11 07:57:00,C00055
T001108,2026-02-23,LOGE,349.48,2026-02-07 01:27:00,C00451
T001232,2025-10-26,100,120.41,2025-10-06 02:09:00,C00484
T000106,2025-12-25,LOGE,252.02,2025-11-25 12:51:00,C00346
T000473,2026-02-19,COURTSIDE,1184.22,2026-01-24 13:07:00,C00299
T001022,2026-03-11,200,117.47,2026-01-22 04:15:00,C00369
T000242,2026-02-03,COURTSIDE,1244.91,2026-01-01 20:07:00,C00354
T000207,2026-02-03,200,111.41,2025-12-23 20:38:00,C00502
T000611,2025-11-23,200,99.66,2025-09-23 00:03:00,C00587
T001060,2026-03-23,LOGE,315.59,2026-03-03 12:40:00,C00203
T001603,2026-01-10,200,91.85,2025-11-11 05:31:00,C00405
T001979,2025-10-22,COURTSIDE,2451.27,2025-09-14 23:58:00,C00501
T000161,2025-11-23,COURTSIDE,1600.99,2025-10-09 07:28:00,C00125
T001166,2025-10-30,100,217.17,2025-08-31 05:40:00,C00181
T000146,2025-11-07,200,114.29,2025-09-17 02:40:00,C00203
T000771,2025-11-07,100,124.37,2025-10-21 04:58:00,C00073
T001281,2026-01-10,LOGE,277.36,2026-01-07 22:53:00,C00182
T000609,2026-02-07,LOGE,322.82,2026-01-26 04:50:00,C00366
T000899,2026-01-06,100,221.37,2025-11-15 14:01:00,C00237
T001906,2025-10-22,200,47.09,2025-09-06 05:27:00,C00081
T001642,2026-02-07,COURTSIDE,2006.94,2026-01-05 05:49:00,C00392
T000283,2025-12-25,100,200.79,2025-10-30 11:20:00,C00568
T001995,2025-12-01,COURTSIDE,1678.92,2025-11-26 13:57:00,C00016
T001267,2026-02-23,100,160.4,2026-01-20 01:32:00,C00088
T000731,2025-11-23,LOGE,203.53,2025-10-14 17:19:00,C00193
T000722,2026-02-27,200,86.29,2026-02-02 10:15:00,C00241
T001806,2025-12-09,200,81.03,2025-11-02 08:51:00,C00168
T001895,2026-01-26,100,127.27,2025-12-26 19:46:00,C00360
T001169,2025-12-17,100,148.81,2025-12-10 15:55:00,C00423
T000425,2025-11-11,200,48.87,2025-10-17 01:01:00,C00041
T000390,2025-11-23,LOGE,251.19,2025-11-07 23:47:00,C00268
T001017,2026-02-15,LOGE,277.21,2026-01-07 03:31:00,C00007
T001082,2025-11-03,100,211.05,2025-09-11 11:45:00,C00113
T001316,2025-11-19,100,181.12,2025-09-26 04:12:00,C00538
T001727,2026-03-23,LOGE,284.91,2026-03-14 15:10:00,C00010
T001495,2026-01-22,100,141.32,2025-11-25 03:19:00,C00215
T001398,2026-01-14,100,111.94,2025-11-20 09:16:00,C00426
T000380,2026-02-19,LOGE,323.12,2026-01-01 14:12:00,C00329
T000698,2025-12-13,100,144.68,2025-10-31 20:34:00,C00533
T000148,2025-11-27,100,104.84,2025-10-07 13:31:00,C00583
T001855,2025-12-21,200,119.78,2025-11-12 21:27:00,C00157
T001164,2026-02-23,200,56.98,2025-12-25 22:32:00,C00056
T000836,2025-12-01,LOGE,392.21,2025-11-30 20:54:00,C00149
T001586,2026-02-23,LOGE,398.33,2026-01-18 19:52:00,C00378
T000737,2026-01-26,COURTSIDE,1706.58,2026-01-01 09:43:00,C00255
T000011,2025-12-17,100,157.72,2025-11-17 02:19:00,C00374
T001988,2026-01-22,200,100.83,2026-01-09 11:07:00,C00111
T001659,2025-10-26,100,238.39,2025-10-08 00:08:00,C00255
T000069,2026-02-03,100,124.59,2025-12-05 12:40:00,C00422
T000417,2026-03-15,COURTSIDE,1279.05,2026-01-17 19:07:00,C00534
T001743,2026-03-31,LOGE,227.84,2026-03-11 02:04:00,C00528
T001370,2026-01-10,100,217.73,2025-12-05 03:27:00,C00391
T001289,2025-11-03,200,63.57,2025-09-22 13:21:00,C00087
T000050,2025-11-07,100,206.41,2025-10-22 10:14:00,C00123
T001193,2025-11-19,LOGE,342.22,2025-10-01 04:12:00,C00215
T000177,2026-01-14,LOGE,389.91,2025-12-04 07:21:00,C00555
T000394,2026-01-06,100,200.39,2025-11-06 13:56:00,C00377
T001618,2025-10-26,200,108.52,2025-10-04 12:19:00,C00249
T001657,2026-01-22,LOGE,263.26,2026-01-18 11:51:00,C00339
T001083,2026-01-02,100,133.81,2025-11-18 03:52:00,C00404
T001835,2025-10-22,COURTSIDE,1078.03,2025-10-18 02:05:00,C00033
T000889,2025-12-25,200,51.32,2025-10-26 10:42:00,C00317
T000332,2026-03-03,200,67.81,2026-02-20 13:00:00,C00231
T001520,2025-11-23,COURTSIDE,1835.24,2025-10-21 01:46:00,C00367
T000413,2026-02-03,100,134.71,2026-01-29 20:34:00,C00035
T000462,2026-02-11,COURTSIDE,2118.15,2026-02-04 19:29:00,C00090
T000586,2026-03-19,COURTSIDE,2367.89,2026-03-14 23:16:00,C00067
T001391,2026-01-30,COURTSIDE,1040.22,2026-01-21 23:32:00,
T000897,2026-01-06,100,95.02,2025-11-14 19:21:00,C00353
T001006,2026-02-27,100,124.66,2026-01-20 00:15:00,C00560
T000518,2025-11-23,200,55.97,2025-11-02 15:34:00,C00403
T000401,2025-11-11,LOGE,357.91,2025-10-12 19:30:00,C00526
T000410,2025-10-26,COURTSIDE,1640.81,2025-09-09 05:25:00,C00435
T001140,2025-10-30,200,46.9,2025-09-22 15:52:00,C00501
T001176,2026-03-31,200,88.36,2026-02-23 16:10:00,C00089
T001306,2026-03-03,200,72.32,2026-02-21 15:48:00,C00155
T000273,2025-11-23,100,201.59,2025-10-26 06:39:00,C00371
T000774,2026-03-07,100,200.83,2026-01-26 21:51:00,C00600
T000921,2026-03-31,100,104.86,2026-02-17 18:45:00,C00550
T001431,2026-03-07,LOGE,333.44,2026-01-09 01:52:00,C00415
T000221,2026-01-30,LOGE,330.94,2025-12-29 08:52:00,C00076
T000658,2026-02-19,COURTSIDE,1450.8,2025-12-27 15:11:00,C00093
T001728,2026-02-27,200,94.32,2026-02-17 11:05:00,C00582
T001748,2026-03-03,200,75.8,2026-01-03 07:22:00,C00008
T001293,2026-01-10,LOGE,305.48,2025-12-20 04:28:00,C00101
T001243,2025-11-23,COURTSIDE,1496.82,2025-10-22 09:57:00,C00349
T000767,2025-11-11,100,122.62,2025-09-22 05:39:00,C00547
T001564,2025-11-23,200,67.92,2025-10-06 23:41:00,C00512
T000905,2025-11-19,LOGE,315.9,2025-11-01 00:06:00,C00504
T000150,2025-12-29,LOGE,276.31,2025-11-20 22:39:00,C00443
T001536,2025-11-23,LOGE,324.07,2025-09-27 20:13:00,C00347
T000077,2026-02-07,100,158.56,2026-01-01 17:31:00,C00261
T001907,2026-03-15,LOGE,185.56,2026-01-27 19:33:00,C00465
T000513,2025-11-19,sec 100,60.74,2025-10-02 03:56:00,C00360
T001254,2026-03-23,200,89.07,2026-03-10 17:42:00,C00360
T000127,2026-02-23,LOGE,354.45,2026-02-17 13:58:00,C00227
T000132,2025-12-09,200,100.4,2025-11-21 03:53:00,C00538
T000861,2026-01-22,COURTSIDE,1687.74,2025-11-26 04:24:00,C00282
T001989,2025-12-29,LOGE,397.21,2025-11-02 06:01:00,C00180
T000787,2026-01-14,COURTSIDE,2009.53,2026-01-04 04:42:00,C00581
T001492,2025-11-19,LOGE,261.51,2025-11-06 08:50:00,C00010
T000357,2025-10-30,100,101.42,2025-09-14 12:38:00,C00486
T000216,2025-10-22,COURTSIDE,2163.98,2025-10-06 03:55:00,C00332
T000485,2026-02-27,200,78.43,2026-02-01 08:12:00,C00513
T001630,2026-01-02,LOGE,303.67,2025-12-02 21:33:00,C00342
T001919,2025-12-09,100,183.43,2025-11-05 06:32:00,C00157
T001656,2026-01-14,COURTSIDE,1990.98,2025-12-23 13:15:00,C00246
T001581,2026-01-02,LOGE,256.29,2025-11-09 13:51:00,C00401
T001744,2025-10-30,LOGE,376.35,2025-09-05 07:21:00,C00059
T001557,2025-12-09,200,119.88,2025-10-21 05:28:00,C00268
T000663,2025-12-25,COURTSIDE,2040.38,2025-11-09 02:04:00,C00282
T001853,2026-02-27,COURTSIDE,1615.97,2026-02-18 12:26:00,C00298
T001392,2025-11-19,100,209.85,2025-11-06 23:06:00,C00215
T001023,2025-10-30,100,221.8,2025-10-09 11:26:00,C00389
T000218,2025-11-19,100,173.58,2025-09-30 11:39:00,C00526
T001363,2026-03-19,100,181.79,2026-02-10 17:51:00,C00427
T000198,2026-02-15,100,118.22,2026-01-31 00:55:00,C00407
T000475,2026-01-26,COURTSIDE,2206.39,2025-12-31 11:33:00,C00117
T000326,2026-02-23,100,154.55,2026-01-17 11:25:00,C00479
T001501,2026-02-07,100,235.89,2026-01-17 09:15:00,C00417
T001745,2026-01-18,100,196.56,2025-12-27 13:49:00,C00363
T000061,2026-02-27,LOGE,235.25,2025-12-30 22:16:00,C00095
T000093,2026-02-11,LOGE,362.73,2026-01-06 08:47:00,C00163
T000139,2026-03-15,100,120.03,2026-01-22 04:48:00,C00312
T000827,2025-12-09,100,212.01,2025-10-19 23:46:00,C00592
T001953,2026-03-15,LOGE,325.48,2026-02-25 13:01:00,C00495
T001265,2026-02-11,200,86.54,2026-01-23 09:24:00,C00194
T001937,2025-12-09,200,48.72,2025-11-07 06:59:00,C00048
T000713,2026-02-03,LOGE,356.5,2025-12-21 09:03:00,C00186
T001190,2025-11-03,COURTSIDE,2320.76,2025-10-26 10:56:00,C00375
T001847,2025-10-22,COURTSIDE,2102.69,2025-09-26 06:56:00,C00200
T000664,2026-02-07,LOGE,367.35,2026-01-08 15:24:00,C00224
T001430,2026-03-27,200,97.52,2026-02-26 02:02:00,C00211
T000266,2026-02-27,200,47.94,2026-01-12 09:04:00,C00450
T000531,2026-02-07,100,211.11,2026-02-06 16:43:00,C00489
T001077,2026-03-31,100,219.92,2026-02-16 18:55:00,C00464
T001769,2026-02-03,200,68.99,2026-01-30 17:48:00,C00042
T001589,2025-10-26,100,200.41,2025-09-12 08:15:00,C00391
T001039,2026-03-03,COURTSIDE,1803.91,2026-01-18 13:14:00,C00569
T001452,2025-11-03,COURTSIDE,2322.49,2025-10-20 17:46:00,C00501
T001180,2026-03-15,100,163.93,2026-03-12 22:38:00,C00482
T000370,2026-03-27,LOGE,222.3,2026-03-11 14:29:00,C00572
T001350,2025-10-22,COURTSIDE,1707.27,2025-09-27 13:41:00,C00405
T001241,2026-01-10,COURTSIDE,2222.92,2025-11-27 13:44:00,C00278
T000967,2026-01-18,200,69.06,2025-12-10 01:38:00,C00025
T000772,2026-03-15,200,113.32,2026-02-16 10:46:00,C00462
T001885,2026-03-07,200,,2026-02-21 12:08:00,C00215
T001822,2025-11-23,200,73.74,2025-10-18 07:02:00,C00552
T001958,2026-03-19,COURTSIDE,2116.78,2026-02-27 08:31:00,C00158
T000140,2025-11-11,200,53.88,2025-09-23 09:48:00,C00232
T000807,2026-03-23,100,177.8,2026-03-14 09:00:00,C00170
T001824,2025-11-11,LOGE,295.93,2025-09-22 00:20:00,C00225
T001349,2026-02-19,COURTSIDE,2494.78,2025-12-20 01:07:00,C00047
T001562,2026-01-10,200,77.16,2025-11-10 00:11:00,C00428
T001608,2025-11-15,200,63.9,2025-11-08 03:32:00,C00333
T000571,2025-11-11,100,247.01,2025-09-14 06:16:00,C00423
T000287,2025-12-21,LOGE,398.8,2025-11-27 16:21:00,C00029
T001984,2025-10-22,COURTSIDE,1381.81,2025-09-30 06:20:00,C00496
T001759,2026-02-19,COURTSIDE,1351.56,2026-02-13 09:22:00,C00254
T001465,2026-01-14,LOGE,219.71,2026-01-12 05:59:00,C00325
T000942,2026-03-15,200,86.88,2026-02-07 09:50:00,C00109
T000695,2026-01-26,COURTSIDE,2134.0,2025-12-17 22:21:00,C00050
T001154,2025-12-21,100,117.01,2025-10-31 02:26:00,C00386
T001914,2025-11-15,LOGE,355.0,2025-10-19 21:30:00,C00499
T001794,2025-12-29,200,64.2,2025-12-27 05:40:00,
T000721,2025-11-07,LOGE,250.54,2025-10-16 14:31:00,C00052
T000311,2026-01-06,LOGE,312.58,2025-12-09 18:19:00,C00455
T001344,2026-01-02,200,76.37,2025-12-06 19:02:00,C00030
T000358,2026-03-03,LOGE,212.77,2026-01-04 06:25:00,C00144
T000129,2026-03-11,COURTSIDE,1580.81,2026-01-22 05:13:00,C00339
T001051,2026-01-14,LOGE,375.62,2026-01-07 06:14:00,C00320
T000800,2025-11-27,LOGE,386.62,2025-11-24 16:32:00,C00500
T001076,2026-02-23,100,109.94,2026-01-01 19:16:00,C00595
T001447,2025-11-23,100,209.59,2025-10-24 07:51:00,C00034
T000715,2026-02-19,LOGE,204.85,2026-01-23 08:58:00,C00048
T000432,2026-02-19,COURTSIDE,2362.93,2026-01-26 13:20:00,C00424
T001031,2025-10-26,LOGE,317.6,2025-10-18 16:56:00,C00425
T001764,2025-12-17,100,116.83,2025-12-14 14:40:00,C00197
T001753,2026-01-30,LOGE,343.66,2025-12-03 22:56:00,C00165
T001026,2026-02-03,200,97.19,2025-12-25 22:01:00,C00112
T001287,2026-01-22,COURTSIDE,2195.29,2025-12-15 23:05:00,C00350
T000325,2026-01-22,200,54.1,2026-01-09 19:16:00,C00243
T000019,2025-12-25,LOGE,377.52,2025-11-29 11:39:00,C00225
T000568,2025-12-17,COURTSIDE,1917.51,2025-11-02 23:41:00,C00344
T000939,2025-11-03,COURTSIDE,1746.43,2025-09-17 21:36:00,C00312
T001481,2026-03-19,COURTSIDE,972.78,2026-01-30 05:47:00,C00577
T001808,2025-12-29,100,98.5,2025-12-26 20:30:00,C00558
T000959,2026-03-07,200,69.51,2026-01-21 16:28:00,C00157
T000286,2026-01-18,100,163.46,2025-12-23 06:52:00,
T000727,2026-01-14,COURTSIDE,,2025-11-22 16:24:00,C00466
T000088,2026-02-15,LOGE,374.95,2026-01-09 17:22:00,C00394
T000911,2025-12-29,LOGE,195.7,2025-11-28 17:49:00,C00197
T001270,2026-03-23,LOGE,207.01,2026-01-28 09:31:00,C00512
T001346,2026-03-19,LOGE,198.86,2026-02-16 19:28:00,C00332
T001333,2025-12-09,COURTSIDE,1401.95,2025-12-03 20:14:00,C00162
T001322,2026-02-07,LOGE,330.2,2026-01-20 19:04:00,C00372
T000070,2025-12-21,COURTSIDE,1154.72,2025-11-06 20:19:00,C00392
T000621,2025-12-01,LOGE,215.4,2025-11-26 05:20:00,C00096
T001982,2025-11-15,COURTSIDE,2186.23,2025-10-24 08:34:00,C00503
T000023,2026-03-11,100,207.25,2026-03-03 00:44:00,C00550
T000798,2026-02-27,100,204.34,2026-01-03 03:03:00,C00170
T001156,2025-12-05,100,211.61,2025-10-28 14:19:00,C00427
T000247,2025-11-23,LOGE,297.17,2025-11-08 06:56:00,C00573
T000937,2025-12-13,LOGE,384.25,2025-10-20 21:17:00,C00480
T000581,2025-11-11,200,117.63,2025-10-16 06:29:00,C00051
T000058,2025-10-22,COURTSIDE,2390.81,2025-10-15 19:25:00,C00271
T000304,2026-01-10,COURTSIDE,1724.61,2025-11-18 05:28:00,C00485
T000871,2026-03-15,200,106.06,2026-01-27 14:48:00,C00242
T001667,2026-03-11,LOGE,216.97,2026-02-10 20:04:00,C00494
T000854,2025-11-11,LOGE,328.21,2025-09-19 12:20:00,C00078
T000951,2025-12-29,200,52.07,2025-11-29 11:52:00,C00160
T001951,2025-11-23,COURTSIDE,2279.03,2025-10-05 04:04:00,C00424
T001639,2025-12-25,200,90.16,2025-10-25 01:23:00,C00166
T001429,2026-01-06,COURTSIDE,2354.77,2026-01-05 14:28:00,C00541
T000791,2026-02-11,COURTSIDE,2139.63,2026-01-10 05:11:00,C00112
T000802,2026-03-03,COURTSIDE,1520.95,2026-01-03 08:29:00,C00048
T000564,2026-02-15,COURTSIDE,2137.64,2026-01-26 12:50:00,C00089
T001849,2026-01-14,LOGE,377.23,2025-12-12 20:34:00,C00515
T000753,2025-12-09,COURTSIDE,1618.1,2025-10-26 21:28:00,C00192
T001010,2025-11-11,LOGE,339.91,2025-10-09 03:07:00,C00164
T001206,2025-12-01,COURTSIDE,1262.85,2025-11-07 14:10:00,C00049
T000205,2026-02-23,100,111.04,2025-12-28 05:40:00,C00139
T001368,2026-01-14,100,203.27,2025-11-14 08:33:00,C00333
T000593,2025-12-29,LOGE,210.19,2025-12-16 02:04:00,C00539
T000594,2025-12-21,100,258.25,2025-10-31 11:45:00,C00492
T000984,2025-12-29,200,56.38,2025-11-01 10:36:00,C00141
T000976,2026-01-26,COURTSIDE,1960.77,2025-11-28 01:29:00,C00369
T000411,2026-03-07,LOGE,361.14,2026-02-19 08:17:00,C00355
T001879,2025-12-01,LOGE,258.03,2025-10-17 04:32:00,C00399
T001433,2025-11-23,COURTSIDE,1241.98,2025-10-21 05:10:00,C00320
T001519,2026-02-19,LOGE,220.9,2026-02-10 22:30:00,C00062
T001048,2026-01-10,200,102.71,2026-01-03 06:23:00,C00136
T000350,2026-01-02,LOGE,311.45,2025-11-09 01:41:00,C00482
T000493,2026-01-30,200,58.98,2025-12-18 09:15:00,C00406
T001347,2026-01-30,200,98.5,2025-12-15 09:34:00,C00263
T001525,2025-11-07,COURTSIDE,1202.97,2025-10-07 00:18:00,C00479
T001677,2025-10-22,COURTSIDE,999.02,2025-09-17 17:32:00,C00398
T000291,2025-12-25,200,107.62,2025-11-19 03:14:00,C00541
T000379,2025-11-23,100,254.15,2025-09-24 18:37:00,C00417
T000045,2025-12-01,LOGE,180.47,2025-11-06 14:57:00,C00466
T001303,2025-12-05,100,198.59,2025-11-01 17:38:00,C00591
T000300,2025-12-21,100,222.3,2025-11-03 12:40:00,C00137
T000886,2025-12-21,COURTSIDE,2404.7,2025-11-06 21:17:00,C00216
T000253,2026-03-19,LOGE,295.27,2026-02-21 13:25:00,C00348
T001264,2026-02-23,100,158.49,2026-01-24 03:31:00,C00320
T001348,2025-11-07,100,186.9,2025-11-03 12:39:00,C00241
T001760,2026-03-27,200,99.69,2026-03-15 15:30:00,C00288
T000900,2025-10-22,COURTSIDE,1201.71,2025-08-26 04:52:00,C00448
T001396,2026-02-23,LOGE,184.32,2026-01-25 04:02:00,C00249
T001255,2025-10-26,100,119.02,2025-09-08 14:32:00,C00594
T001683,2026-03-15,LOGE,318.84,2026-03-01 07:07:00,C00299
T000534,2025-11-23,LOGE,195.58,2025-10-29 20:58:00,C00105
T001120,2025-12-25,200,47.55,2025-11-15 20:52:00,C00059
T001737,2026-02-07,COURTSIDE,1290.76,2025-12-21 01:26:00,C00541
T001724,2025-11-15,COURTSIDE,2020.73,2025-09-20 14:23:00,C00565
T000482,2026-03-23,100,113.05,2026-03-07 01:34:00,C00364
T001680,2026-01-10,200,106.21,2025-12-22 16:32:00,C00512
T000377,2025-12-21,100,205.52,2025-11-17 16:18:00,C00239
T000991,2026-01-10,LOGE,391.46,2025-12-21 08:53:00,C00281
T000829,2026-01-10,LOGE,259.7,2025-12-31 09:28:00,C00600
T000615,2026-03-31,COURTSIDE,1614.61,2026-03-14 16:51:00,C00256
T000250,2026-02-07,LOGE,336.09,2026-01-11 14:08:00,C00118
T000114,2026-01-26,LOGE,387.12,2026-01-13 21:25:00,C00249
T000801,2025-12-17,100,138.62,2025-12-02 22:33:00,C00212
T000909,2026-02-03,COURTSIDE,2157.16,2026-01-02 11:20:00,C00475
T001036,2025-12-09,COURTSIDE,2234.12,2025-10-10 01:03:00,C00491
T001706,2025-10-22,LOGE,356.11,2025-10-14 22:40:00,C00132
T000051,2026-03-15,200,88.42,2026-03-12 02:52:00,C00084
T000971,2026-01-02,100,151.64,2025-11-11 20:13:00,C00313
T000213,2025-11-07,200,88.98,2025-09-15 16:03:00,C00337
T000419,2026-03-31,LOGE,302.29,2026-03-27 12:15:00,C00391
T000507,2025-12-01,100,188.29,2025-10-11 16:29:00,C00300
T000199,2026-03-11,COURTSIDE,1044.48,2026-02-13 23:32:00,C00271
T001065,2026-01-22,LOGE,220.34,2025-11-24 01:18:00,C00339
T000248,2026-01-18,100,160.52,2025-12-01 22:34:00,C00447
T001803,2026-01-26,LOGE,184.56,2025-12-04 23:33:00,C00045
T001237,2025-12-01,100,119.11,2025-11-01 00:21:00,C00139
T000314,2026-02-27,200,116.46,2026-02-17 03:16:00,C00449
T000001,2026-03-31,100,99.13,2026-03-13 15:39:00,C00229
T000138,2026-02-19,100,230.65,2026-01-24 07:13:00,C00076
T000235,2025-10-26,200,65.5,2025-09-07 13:28:00,C00348
T000412,2025-11-27,COURTSIDE,1201.57,2025-10-01 20:09:00,C00033
T001409,2025-12-21,200,86.76,2025-12-19 11:46:00,C00268
T001278,2026-02-15,200,67.02,2026-01-14 07:16:00,C00517
T000994,2026-01-18,100,208.54,2025-12-18 19:26:00,C00515
T001650,2025-12-25,LOGE,276.96,2025-10-27 02:42:00,C00112
T000014,2026-01-26,COURTSIDE,2483.24,2025-12-16 00:31:00,C00571
T001473,2026-02-15,LOGE,194.4,2026-02-13 10:06:00,C00240
T000637,2026-02-27,200,,2026-01-09 08:41:00,C00178
T001287,2026-01-22,COURTSIDE,2195.29,2025-12-15 23:05:00,C00350
T000617,2026-01-26,LOGE,341.17,2026-01-15 09:53:00,C00505
T000317,2026-02-11,COURTSIDE,1495.22,2025-12-24 21:23:00,C00588
T001746,2025-11-15,100,152.7,2025-09-29 17:39:00,C00412
T001311,2026-03-11,LOGE,272.84,2026-01-12 22:45:00,C00207
T001384,2025-10-26,100,217.19,2025-09-26 17:53:00,C00187
T001834,2026-03-03,COURTSIDE,1652.3,2026-01-15 12:30:00,C00455
T000458,2026-02-11,LOGE,230.19,2026-01-06 11:12:00,C00443
T000280,2026-03-07,200,68.21,2026-01-14 08:00:00,C00199
T001015,2025-10-22,LOGE,289.48,2025-09-20 05:27:00,C00006
T001938,2025-12-29,LOGE,206.24,2025-11-30 18:10:00,C00335
T001152,2026-03-19,200,70.16,2026-03-11 14:40:00,C00145
T000296,2026-03-27,COURTSIDE,1284.9,2026-02-28 17:37:00,C00088
T001058,2026-02-11,100,116.46,2026-01-11 00:57:00,C00052
T000420,2026-03-03,COURTSIDE,2014.09,2026-02-04 18:55:00,C00308
T001437,2026-03-31,COURTSIDE,1098.1,2026-02-10 01:47:00,C00128
T000109,2025-12-17,100,223.9,2025-11-05 22:38:00,C00032
T001469,2025-12-05,100,212.69,2025-11-15 10:42:00,C00102
T001515,2026-03-23,100,169.81,2026-02-21 09:24:00,C00104
T001047,2025-11-27,200,70.51,2025-10-27 06:08:00,C00318
T001382,2026-02-27,100,179.26,2026-01-31 20:47:00,C00476
T001198,2025-12-09,LOGE,199.21,2025-11-13 17:54:00,C00296
T001517,2025-11-15,100,97.03,2025-09-30 21:42:00,C00199
T000249,2025-10-26,LOGE,382.66,2025-08-31 13:19:00,C00590
T000125,2026-03-11,100,180.24,2026-02-26 21:05:00,C00248
T001771,2026-02-19,COURTSIDE,2353.57,2026-02-12 09:18:00,C00190
T000679,2026-03-31,100,172.92,2026-03-18 06:56:00,C00123
T001415,2025-11-19,100,223.97,2025-10-10 20:32:00,C00576
T000987,2026-02-11,200,60.51,2026-02-02 04:11:00,C00555
T001975,2026-03-27,LOGE,342.6,2026-01-31 00:32:00,C00245
T000596,2026-01-26,COURTSIDE,1187.71,2026-01-05 03:38:00,C00225
T001684,2026-01-26,100,256.89,2026-01-04 18:48:00,C00216
T000200,2026-03-07,100,170.04,2026-01-22 01:04:00,C00269
T001218,2026-01-18,100,148.85,2025-12-10 02:07:00,C00200
T000683,2026-01-10,100,95.78,2025-12-23 16:52:00,C00173
T000220,2026-03-03,COURTSIDE,1632.87,2026-03-01 21:56:00,C00491
T001331,2026-02-15,100,220.73,2026-01-04 02:07:00,C00189
T001700,2025-10-26,LOGE,240.22,2025-09-08 20:47:00,C00186
T000554,2025-12-01,LOGE,389.66,2025-10-28 06:21:00,C00266
T000113,2026-01-06,100,190.48,2025-11-07 13:22:00,C00590
T000174,2025-11-15,LOGE,201.94,2025-09-17 08:25:00,C00016
T000112,2025-12-25,COURTSIDE,1168.46,2025-11-16 20:06:00,C00168
T001719,2026-01-26,100,254.06,2026-01-10 21:22:00,C00277
T000943,2026-03-31,COURTSIDE,1979.19,2026-02-14 01:18:00,C00438
T001061,2026-03-07,100,255.66,2026-01-17 08:07:00,C00582
T001792,2026-03-11,COURTSIDE,2055.33,2026-02-12 03:08:00,C00302
T001563,2025-12-13,LOGE,278.99,2025-11-07 22:59:00,C00384
T001654,2025-10-30,100,129.83,2025-09-09 23:46:00,C00385
T000948,2025-12-25,COURTSIDE,2438.64,2025-11-26 10:27:00,C00001
T000013,2026-03-23,200,85.06,2026-03-07 18:26:00,C00474
T001373,2025-11-27,100,144.26,2025-10-06 09:15:00,C00318
T000826,2025-11-11,COURTSIDE,1857.27,2025-10-07 10:04:00,C00264
T000258,2026-03-15,LOGE,329.85,2026-01-17 04:44:00,C00331
T000805,2026-03-03,COURTSIDE,1502.13,2026-01-03 16:24:00,C00529
T001731,2026-02-15,COURTSIDE,1341.32,2026-01-18 06:14:00,C00235
T001547,2025-10-30,200,61.46,2025-10-17 08:35:00,C00241
T000110,2025-12-21,200,107.94,2025-11-11 18:48:00,C00245
T000601,2025-12-21,COURTSIDE,2189.94,2025-11-06 11:46:00,C00029
T001798,2025-11-27,LOGE,200.61,2025-11-15 08:20:00,C00190
T001159,2026-03-23,200,98.79,2026-02-11 21:00:00,C00309
T001844,2025-12-13,100,219.83,2025-11-23 17:36:00,C00565
T001113,2025-10-22,COURTSIDE,2383.56,2025-09-23 10:58:00,C00324
T001272,2026-01-18,LOGE,326.67,2025-11-18 10:12:00,C00497
T000261,2026-02-27,100,146.22,2026-01-29 22:43:00,C00059
T000765,2026-03-03,COURTSIDE,1722.89,2026-01-29 08:48:00,C00499
T001049,2025-12-13,100,170.8,2025-10-28 06:11:00,C00119
T001189,2026-03-15,200,104.08,2026-03-09 02:50:00,C00344
T000497,2025-12-25,LOGE,296.1,2025-11-14 13:19:00,C00398
T001612,2026-01-26,200,82.76,2025-12-11 23:33:00,C00239
T000620,2025-10-26,COURTSIDE,1317.8,2025-10-19 21:29:00,C00351
T001858,2026-01-02,200,50.11,2025-11-26 11:36:00,C00362
T001260,2026-03-19,200,77.97,2026-03-12 17:50:00,C00364
T000288,2026-01-10,100,233.46,2025-11-29 12:34:00,C00150
T001548,2026-01-30,200,67.95,2025-12-04 11:08:00,C00586
T000182,2025-12-21,LOGE,304.5,2025-10-31 17:52:00,C00175
T000863,2026-01-30,200,101.26,2026-01-21 22:10:00,C00539
T001571,2025-12-05,100,231.37,2025-10-27 07:20:00,C00028
T001961,2026-02-07,200,96.47,2025-12-08 04:18:00,C00105
T000055,2026-02-15,100,107.09,2026-02-01 06:44:00,C00272
T001145,2026-03-19,200,114.36,2026-03-16 19:11:00,C00501
T001869,2025-12-09,LOGE,252.32,2025-11-18 12:19:00,C00498
T000057,2026-01-02,200,77.86,2025-11-28 13:41:00,C00542
T000945,2026-01-14,200,85.04,2025-12-06 08:53:00,C00361
T000841,2025-12-09,100,224.35,2025-11-06 06:24:00,C00238
T001970,2025-11-19,200,53.64,2025-09-22 22:47:00,C00590
T000862,2026-02-23,200,118.83,2025-12-26 06:34:00,C00287
T000956,2025-11-11,100,247.11,2025-10-20 12:08:00,C00445
T000876,2025-12-13,COURTSIDE,1662.46,2025-11-02 20:43:00,C00461
T000726,2025-11-11,COURTSIDE,2324.18,2025-10-06 16:57:00,C00468
T000960,2025-11-03,LOGE,393.63,2025-09-15 03:42:00,C00590
T000733,2025-11-15,LOGE,190.23,2025-10-05 01:04:00,C00127
T001460,2026-03-11,100,201.25,2026-03-05 17:26:00,C00555
T001404,2026-01-18,LOGE,231.06,2026-01-03 03:57:00,C00348
T001915,2026-03-31,100,129.7,2026-03-04 11:12:00,C00322
T001032,2026-02-03,100,150.08,2025-12-29 02:15:00,C00218
T000642,2026-02-15,100,224.78,2026-01-06 03:57:00,C00536
T001422,2026-03-03,LOGE,353.19,2026-02-22 09:22:00,C00424
T000906,2025-12-09,COURTSIDE,931.03,2025-12-05 05:45:00,C00023
T001079,2025-12-13,COURTSIDE,1379.58,2025-10-23 00:49:00,C00312
T000284,2025-11-15,100,142.04,2025-09-27 18:32:00,C00280
